id	municipality unit	municipality id	municipality	district id	district	number of polling stations	number of polling stations	registered voters	valid votes	invalid votes	blank votes	Δεν εγκρίνεται / ΟΧΙ	Εγκρίνεται / ΝΑΙ
4101	Αριδαίας	9042	Αλμωπίας	11	Πέλλας	40	40	20777	12389	728	137	6999	5390
4102	Βεγορίτιδας	9043	Εδεσσας	11	Πέλλας	13	13	6438	3066	153	28	1954	1112
4103	Γιαννιτσών	9044	Πέλλας	11	Πέλλας	53	53	30166	17030	1267	126	10801	6229
4104	Έδεσσας	9043	Εδεσσας	11	Πέλλας	43	43	23690	14106	728	111	8657	5449
4105	Εξαπλατάνου	9042	Αλμωπίας	11	Πέλλας	23	23	11187	5651	408	67	3340	2311
4106	Κρύας Βρύσης	9044	Πέλλας	11	Πέλλας	18	18	10273	5365	392	38	3109	2256
4107	Κύρρου	9044	Πέλλας	11	Πέλλας	16	16	8811	5333	189	37	3189	2144
4108	Μεγάλου Αλεξάνδρου	9044	Πέλλας	11	Πέλλας	14	14	7688	5093	195	33	3010	2083
4109	Μενηίδος	9045	Σκύδρας	11	Πέλλας	11	11	5463	3403	240	29	2163	1240
4110	Πέλλας	9044	Πέλλας	11	Πέλλας	15	15	7874	4991	345	42	3034	1957
4111	Σκύδρας	9045	Σκύδρας	11	Πέλλας	30	30	15247	9253	508	95	5829	3424
5320	Πελεκάνου	9321	Καντάνου - Σελίνου	53	Χανίων	7	7	3223	1839	43	8	1298	541
4911	Καμένων Βούρλων	9163	Μώλου - Αγίου Κωνσταντίνου	33	Φθιώτιδας	9	9	4404	2660	228	20	1486	1174
2101	Αγίου Αθανασίου	9038	Χαλκηδόνος	7	Β' Θεσσαλονίκης	22	22	12995	9039	445	56	5451	3588
2102	Αγίου Γεωργίου	9027	Βόλβης	7	Β' Θεσσαλονίκης	7	7	4086	2728	120	22	1604	1124
2103	Αγίου Παύλου	9035	Νεάπολης - Συκεών	6	Α' Θεσσαλονίκης	9	9	5860	3546	194	23	2484	1062
2104	Αμπελοκήπων	9026	Αμπελοκήπων - Μενεμένης	6	Α' Θεσσαλονίκης	42	42	26946	16553	1091	136	11037	5516
2105	Αξιού	9028	Δέλτα	7	Β' Θεσσαλονίκης	12	12	6793	4473	277	48	2762	1711
2106	Απολλωνίας	9027	Βόλβης	7	Β' Θεσσαλονίκης	11	11	4881	2988	137	29	1854	1134
2107	Αρέθουσας	9027	Βόλβης	7	Β' Θεσσαλονίκης	11	11	5587	2754	219	22	1544	1210
2108	Ασσήρου	9034	Λαγκαδά	7	Β' Θεσσαλονίκης	8	8	4455	2848	134	25	1582	1266
2109	Βασιλικών	9030	Θέρμης	7	Β' Θεσσαλονίκης	16	16	9212	6017	573	53	3546	2471
2110	Βερτίσκου	9034	Λαγκαδά	7	Β' Θεσσαλονίκης	9	9	4518	2827	107	21	1698	1129
2111	Εγνατίας	9027	Βόλβης	7	Β' Θεσσαλονίκης	7	7	3694	2316	88	10	1328	988
2112	Ελευθερίου - Κορδελιού	9033	Κορδελιού -Ευόσμου	6	Α' Θεσσαλονίκης	30	30	18438	11987	599	90	8456	3531
2113	Επανομής	9029	Θερμαϊκού	7	Β' Θεσσαλονίκης	14	14	8428	6031	244	53	3843	2188
2114	Ευκαρπίας	9036	Παύλου Μελά	6	Α' Θεσσαλονίκης	12	12	7643	5072	304	30	3748	1324
2115	Ευόσμου	9033	Κορδελιού -Ευόσμου	6	Α' Θεσσαλονίκης	56	56	38213	25659	1349	188	18041	7618
2116	Εχεδώρου	9028	Δέλτα	7	Β' Θεσσαλονίκης	32	32	20960	13401	861	114	8987	4414
2117	Θερμαϊκού	9029	Θερμαϊκού	7	Β' Θεσσαλονίκης	22	22	14643	9938	635	80	6518	3420
2118	Θέρμης	9030	Θέρμης	7	Β' Θεσσαλονίκης	27	27	16333	12118	717	82	7234	4884
2119	Θεσσαλονίκης	9031	Θεσσαλονίκης	6	Α' Θεσσαλονίκης	372	372	243570	147209	6647	1297	78492	68717
2120	Καλαμαριάς	9032	Καλαμαριάς	6	Α' Θεσσαλονίκης	84	84	54655	37684	1698	313	22751	14933
2121	Καλλιθέας	9039	Ωραιοκάστρου	7	Β' Θεσσαλονίκης	13	13	7200	4735	251	40	3088	1647
2122	Καλλινδοίων	9034	Λαγκαδά	7	Β' Θεσσαλονίκης	10	10	4994	3061	162	14	1620	1441
2123	Κορωνείας	9034	Λαγκαδά	7	Β' Θεσσαλονίκης	12	12	5768	3710	206	30	2291	1419
2124	Κουφαλίων	9038	Χαλκηδόνος	7	Β' Θεσσαλονίκης	19	19	10367	6679	328	49	4321	2358
2125	Λαγκαδά	9034	Λαγκαδά	7	Β' Θεσσαλονίκης	31	31	18242	12086	600	97	7598	4488
2126	Λαχανά	9034	Λαγκαδά	7	Β' Θεσσαλονίκης	12	12	5794	3494	221	29	1880	1614
2127	Μαδύτου	9027	Βόλβης	7	Β' Θεσσαλονίκης	6	6	2979	1892	74	16	1195	697
2128	Μενεμένης	9026	Αμπελοκήπων - Μενεμένης	6	Α' Θεσσαλονίκης	17	17	11239	6826	371	53	4838	1988
2129	Μηχανιώνας	9029	Θερμαϊκού	7	Β' Θεσσαλονίκης	15	15	9153	6174	306	52	4068	2106
2130	Μίκρας	9030	Θέρμης	7	Β' Θεσσαλονίκης	17	17	10514	7777	377	82	4627	3150
2131	Μυγδονίας	9039	Ωραιοκάστρου	7	Β' Θεσσαλονίκης	14	14	8528	5893	313	52	3515	2378
2132	Νεαπόλεως	9035	Νεάπολης - Συκεών	6	Α' Θεσσαλονίκης	39	39	24589	14412	768	115	9517	4895
2133	Πανοράματος	9037	Πυλαίας - Χορτιάτη	7	Β' Θεσσαλονίκης	19	19	12290	9055	341	77	3379	5676
2134	Πεύκων	9035	Νεάπολης - Συκεών	6	Α' Θεσσαλονίκης	11	11	6934	5195	387	59	2960	2235
2135	Πολίχνης	9036	Παύλου Μελά	6	Α' Θεσσαλονίκης	38	38	24752	16417	819	110	11863	4554
2136	Πυλαίας	9037	Πυλαίας - Χορτιάτη	7	Β' Θεσσαλονίκης	24	24	15789	11482	503	84	6503	4979
2137	Ρεντίνας	9027	Βόλβης	7	Β' Θεσσαλονίκης	9	9	5094	3497	149	27	2147	1350
2138	Σοχού	9034	Λαγκαδά	7	Β' Θεσσαλονίκης	14	14	7988	4754	191	41	2549	2205
2139	Σταυρουπόλεως	9036	Παύλου Μελά	6	Α' Θεσσαλονίκης	39	39	25746	16238	719	133	11396	4842
2140	Συκεών	9035	Νεάπολης - Συκεών	6	Α' Θεσσαλονίκης	44	44	28580	17501	1042	153	11906	5595
2141	Τριανδρίας	9031	Θεσσαλονίκης	6	Α' Θεσσαλονίκης	13	13	8497	5616	240	60	3484	2132
2142	Χαλάστρας	9028	Δέλτα	7	Β' Θεσσαλονίκης	14	14	8957	6211	316	51	3940	2271
2143	Χαλκηδόνος	9038	Χαλκηδόνος	7	Β' Θεσσαλονίκης	17	17	8814	5870	304	50	3508	2362
2144	Χορτιάτη	9037	Πυλαίας - Χορτιάτη	7	Β' Θεσσαλονίκης	22	22	13556	9467	466	85	5919	3548
2145	Ωραιοκάστρου	9039	Ωραιοκάστρου	7	Β' Θεσσαλονίκης	22	22	14527	10420	435	91	5904	4516
4504	Ιάσμου	9020	Ιάσμου	2	Ροδόπης	19	19	9327	4157	322	86	2362	1795
101	Αγίας Βαρβάρας	9179	Αγίας Βαρβάρας	39	Β' Αθηνών	39	39	22811	14002	1099	91	10193	3809
102	Αγίας Παρασκευής	9167	Αγίας Παρασκευής	39	Β' Αθηνών	63	63	39651	28156	1257	239	13394	14762
103	Αγίου Δημητρίου	9194	Αγίου Δημητρίου	39	Β' Αθηνών	73	73	45200	30597	1866	206	19792	10805
104	Αγίων Αναργύρων	9180	Αγιων Αναργύρων - Καματερού	39	Β' Αθηνών	43	43	26796	17269	1123	125	11507	5762
105	Αθηναίων	9186	Αθηναίων	38	Α' Αθηνών	871	871	509586	279310	15520	2362	148597	130713
106	Αιγάλεω	9181	Αιγάλεω	39	Β' Αθηνών	99	99	61417	37977	2094	287	26791	11186
107	Αλίμου	9195	Αλίμου	39	Β' Αθηνών	52	52	31699	21769	1161	156	11247	10522
108	Αμαρουσίου	9168	Αμαρουσίου	39	Β' Αθηνών	81	81	50598	35668	1750	251	17664	18004
109	Αργυρουπόλεως	9197	Ελληνικού - Αργυρούπολης	39	Β' Αθηνών	40	40	25419	17384	1107	135	10677	6707
110	Βριλησσίων	9169	Βριλησσίων	39	Β' Αθηνών	34	34	20835	15353	788	118	6726	8627
111	Βύρωνος	9187	Βύρωνος	39	Β' Αθηνών	72	72	45651	28378	1799	224	17293	11085
112	Γαλατσίου	9188	Γαλατσίου	39	Β' Αθηνών	60	60	39270	26892	1664	198	16824	10068
113	Γλυφάδας	9196	Γλυφάδας	39	Β' Αθηνών	104	104	62559	43184	1957	330	21338	21846
114	Δάφνης	9189	Δάφνης - Υμηττού	39	Β' Αθηνών	33	33	20414	11787	759	87	7296	4491
115	Εκάλης	9171	Κηφισιάς	39	Β' Αθηνών	8	8	4589	3505	86	11	539	2966
116	Ελληνικού	9197	Ελληνικού - Αργυρούπολης	39	Β' Αθηνών	19	19	12166	8077	730	57	4807	3270
117	Ζωγράφου	9190	Ζωγράφου	39	Β' Αθηνών	82	82	51101	33275	1848	262	18607	14668
118	Ηλιουπόλεως	9191	Ηλιουπόλεως	39	Β' Αθηνών	99	99	60561	41139	2558	339	24896	16243
119	Ηρακλείου	9170	Ηρακλείου	39	Β' Αθηνών	58	58	35219	24786	1261	175	14842	9944
120	Ιλίου (Νέων Λιοσίων)	9182	Ιλίου	39	Β' Αθηνών	87	87	54394	36166	2387	259	25294	10872
121	Καισαριανής	9192	Καισαριανής	39	Β' Αθηνών	43	43	26403	15282	1186	113	9868	5414
122	Καλλιθέας	9198	Καλλιθέας	39	Β' Αθηνών	127	127	79472	45877	3771	399	28755	17122
123	Καματερού	9180	Αγιων Αναργύρων - Καματερού	39	Β' Αθηνών	29	29	18013	12155	766	78	8721	3434
124	Κηφισιάς	9171	Κηφισιάς	39	Β' Αθηνών	62	62	37717	27056	1086	167	9588	17468
125	Λυκοβρύσεως	9172	Λυκόβρυσης - Πεύκης	39	Β' Αθηνών	11	11	6649	4666	350	38	2743	1923
126	Μελισσίων	9176	Πεντέλης	39	Β' Αθηνών	25	25	15303	10963	628	72	5575	5388
127	Μεταμορφώσεως	9173	Μεταμορφώσεως	39	Β' Αθηνών	32	32	19942	13991	804	101	9426	4565
128	Μοσχάτου	9199	Μοσχάτου - Ταύρου	39	Β' Αθηνών	34	34	21059	13015	661	100	8094	4921
129	Νέας Ερυθραίας	9171	Κηφισιάς	39	Β' Αθηνών	19	19	11688	8515	333	54	3972	4543
130	Νέας Ιωνίας	9174	Νέας Ιωνίας	39	Β' Αθηνών	82	82	50320	32494	2062	253	21536	10958
131	Νέας Πεντέλης	9176	Πεντέλης	39	Β' Αθηνών	9	9	5318	3921	178	26	1795	2126
132	Νέας Σμύρνης	9200	Νέας Σμύρνης	39	Β' Αθηνών	92	92	56865	36158	1867	278	18823	17335
133	Νέας Φιλαδέλφειας	9193	Φιλαδέλφειας - Χαλκηδόνος	39	Β' Αθηνών	38	38	22479	14303	726	135	9209	5094
134	Νέας Χαλκηδόνος	9193	Φιλαδέλφειας - Χαλκηδόνος	39	Β' Αθηνών	15	15	9093	5933	284	46	3383	2550
135	Νέου Ψυχικού	9177	Φιλοθέης - Ψυχικού	39	Β' Αθηνών	17	17	9988	6724	244	57	2848	3876
136	Παλαιού Φαλήρου	9201	Παλαιού Φαλήρου	39	Β' Αθηνών	83	83	50524	32943	1575	314	15857	17086
137	Παπάγου	9175	Παπάγου - Χολαργού	39	Β' Αθηνών	21	21	13910	10225	364	94	3262	6963
138	Πεντέλης	9176	Πεντέλης	39	Β' Αθηνών	8	8	4569	3260	180	31	1378	1882
139	Περιστερίου	9183	Περιστερίου	39	Β' Αθηνών	184	184	113234	71448	4625	540	50296	21152
140	Πετρουπόλεως	9184	Πετρουπόλεως	39	Β' Αθηνών	63	63	39281	26528	1709	223	18097	8431
141	Πεύκης	9172	Λυκόβρυσης - Πεύκης	39	Β' Αθηνών	25	25	15311	11177	553	91	5519	5658
142	Ταύρου	9199	Μοσχάτου - Ταύρου	39	Β' Αθηνών	27	27	16295	8358	642	67	5958	2400
143	Υμηττού	9189	Δάφνης - Υμηττού	39	Β' Αθηνών	17	17	10657	6539	425	58	3901	2638
144	Φιλοθέης	9177	Φιλοθέης - Ψυχικού	39	Β' Αθηνών	12	12	7262	5178	149	32	955	4223
145	Χαϊδαρίου	9185	Χαϊδαρίου	39	Β' Αθηνών	55	55	34395	23502	1509	171	15725	7777
146	Χαλανδρίου	9178	Χαλανδρίου	39	Β' Αθηνών	85	85	52248	35746	1586	287	17682	18064
147	Χολαργού	9175	Παπάγου - Χολαργού	39	Β' Αθηνών	39	39	25332	18229	802	129	8893	9336
148	Ψυχικού	9177	Φιλοθέης - Ψυχικού	39	Β' Αθηνών	17	17	10573	7366	179	54	1622	5744
2201	Αγίου Δημητρίου	9081	Δωδώνης	18	Ιωαννίνων	21	21	7807	4032	184	43	2174	1858
2202	Αετομηλίτσης	9085	Κόνιτσας	18	Ιωαννίνων	1	1	270	98	0	0	36	62
2203	Ανατολής	9084	Ιωαννιτών	18	Ιωαννίνων	11	11	5895	4116	128	30	2525	1591
2204	Ανατολικού Ζαγορίου	9082	Ζαγορίου	18	Ιωαννίνων	14	14	2935	1367	48	11	676	691
2205	Ανω Καλαμά	9087	Πωγωνίου	18	Ιωαννίνων	13	13	3456	1589	179	17	978	611
2206	Ανω Πωγωνίου	9087	Πωγωνίου	18	Ιωαννίνων	12	12	4119	1352	55	13	660	692
2207	Βαθυπέδου	9080	Βορείων Τζουμέρκων	18	Ιωαννίνων	1	1	227	110	6	1	60	50
2208	Βοβούσης	9082	Ζαγορίου	18	Ιωαννίνων	1	1	304	146	3	0	55	91
2209	Δελβινακίου	9087	Πωγωνίου	18	Ιωαννίνων	17	17	4967	1399	55	19	758	641
2210	Λάκκας Σουλίου	9081	Δωδώνης	18	Ιωαννίνων	14	14	3989	1760	106	10	907	853
2211	Διστράτου	9085	Κόνιτσας	18	Ιωαννίνων	1	1	654	204	44	5	138	66
2212	Δωδώνης	9081	Δωδώνης	18	Ιωαννίνων	9	9	3037	1419	79	5	755	664
2213	Εγνατίας	9086	Μετσόβου	18	Ιωαννίνων	9	9	4312	2145	189	15	1319	826
2214	Εκάλης	9083	Ζίτσας	18	Ιωαννίνων	8	8	2125	1296	66	9	891	405
2215	Ευρυμενών	9083	Ζίτσας	18	Ιωαννίνων	9	9	2084	1075	43	10	693	382
2216	Ζίτσας	9083	Ζίτσας	18	Ιωαννίνων	7	7	2659	1359	136	11	925	434
2217	Ιωαννιτών	9084	Ιωαννιτών	18	Ιωαννίνων	73	73	45628	28626	1865	214	16463	12163
2218	Καλαριτών	9080	Βορείων Τζουμέρκων	18	Ιωαννίνων	2	2	669	164	8	0	106	58
2219	Καλπακίου	9087	Πωγωνίου	18	Ιωαννίνων	10	10	2967	1459	111	9	931	528
2220	Κατσανοχωρίων	9080	Βορείων Τζουμέρκων	18	Ιωαννίνων	10	10	3017	1589	90	12	991	598
2221	Κεντρικού Ζαγορίου	9082	Ζαγορίου	18	Ιωαννίνων	15	15	2443	1307	55	16	802	505
2222	Κόνιτσας	9085	Κόνιτσας	18	Ιωαννίνων	28	28	7798	3391	167	26	1886	1505
2223	Λάβδανης	9087	Πωγωνίου	18	Ιωαννίνων	2	2	196	65	3	1	44	21
2224	Μαστοροχωρίων	9085	Κόνιτσας	18	Ιωαννίνων	12	12	3419	969	74	8	532	437
2225	Ματσουκίου	9080	Βορείων Τζουμέρκων	18	Ιωαννίνων	1	1	498	205	30	1	120	85
2226	Μετσόβου	9086	Μετσόβου	18	Ιωαννίνων	9	9	4628	2714	144	35	1358	1356
2227	Μηλέας	9086	Μετσόβου	18	Ιωαννίνων	2	2	843	392	15	4	211	181
2228	Μολοσσών	9083	Ζίτσας	18	Ιωαννίνων	20	20	4003	1628	96	8	1036	592
2229	Μπιζανίου	9084	Ιωαννιτών	18	Ιωαννίνων	10	10	4423	2821	177	25	1708	1113
2230	Νήσου Ιωαννίνων	9084	Ιωαννιτών	18	Ιωαννίνων	1	1	574	374	19	2	236	138
2231	Παμβώτιδος	9084	Ιωαννιτών	18	Ιωαννίνων	23	23	10541	6601	434	73	4221	2380
2232	Παπίγκου	9082	Ζαγορίου	18	Ιωαννίνων	1	1	317	185	1	0	85	100
2233	Πασαρώνος	9083	Ζίτσας	18	Ιωαννίνων	21	21	8393	5282	443	36	3675	1607
2234	Περάματος	9084	Ιωαννιτών	18	Ιωαννίνων	11	11	5098	3306	230	25	2174	1132
2235	Πραμάντων	9080	Βορείων Τζουμέρκων	18	Ιωαννίνων	7	7	2590	1092	80	12	744	348
2236	Πωγωνιανής	9087	Πωγωνίου	18	Ιωαννίνων	4	4	620	256	6	3	133	123
2237	Σελλών	9081	Δωδώνης	18	Ιωαννίνων	15	15	3577	1551	79	12	913	638
2238	Συρράκου	9080	Βορείων Τζουμέρκων	18	Ιωαννίνων	2	2	1000	258	31	1	161	97
2239	Τζουμέρκων	9080	Βορείων Τζουμέρκων	18	Ιωαννίνων	8	8	2260	1220	45	10	752	468
2240	Τύμφης	9082	Ζαγορίου	18	Ιωαννίνων	12	12	2102	1087	69	12	513	574
2241	Φούρκας	9085	Κόνιτσας	18	Ιωαννίνων	1	1	252	75	5	0	32	43
4811	Μαλακασίου	9112	Καλαμπάκας	24	Τρικάλων	7	7	2986	1118	72	7	673	445
201	Αγγελοκάστρου	9123	Αγρινίου	30	Αιτωλοακαρνανίας	5	5	3125	1770	44	10	1089	681
202	Αγρινίου	9123	Αγρινίου	30	Αιτωλοακαρνανίας	78	78	47208	27622	1815	198	17996	9626
203	Αιτωλικού	9127	Ιεράς Πόλης Μεσολογγίου	30	Αιτωλοακαρνανίας	14	14	7565	4055	206	33	2592	1463
204	Αλυζίας	9129	Ξηρομέρου	30	Αιτωλοακαρνανίας	9	9	4350	1964	79	11	1177	787
205	Αμφιλοχίας	9125	Αμφιλοχίας	30	Αιτωλοακαρνανίας	30	30	12673	6549	306	40	3790	2759
206	Ανακτορίου	9124	Ακτιου - Βόνιτσας	30	Αιτωλοακαρνανίας	15	15	8586	4826	263	28	3054	1772
207	Αντιρρίου	9128	Ναυπακτίας	30	Αιτωλοακαρνανίας	7	7	2950	1885	98	15	1127	758
208	Αποδοτίας	9128	Ναυπακτίας	30	Αιτωλοακαρνανίας	21	21	3793	1039	75	8	615	424
209	Αρακύνθου	9123	Αγρινίου	30	Αιτωλοακαρνανίας	13	13	6539	3470	115	50	2101	1369
210	Αστακού	9129	Ξηρομέρου	30	Αιτωλοακαρνανίας	20	20	9062	4344	317	22	2528	1816
211	Θέρμου	9126	Θέρμου	30	Αιτωλοακαρνανίας	32	32	10102	4487	198	43	2600	1887
212	Θεστιέων	9123	Αγρινίου	30	Αιτωλοακαρνανίας	14	14	7661	4425	378	18	3050	1375
213	Ινάχου	9125	Αμφιλοχίας	30	Αιτωλοακαρνανίας	22	22	7470	3474	222	31	1908	1566
214	Παλαίρου	9124	Ακτιου - Βόνιτσας	30	Αιτωλοακαρνανίας	11	11	4619	2413	86	12	1328	1085
215	Μακρυνείας	9123	Αγρινίου	30	Αιτωλοακαρνανίας	14	14	5381	2894	116	27	1598	1296
216	Μεδεώνος	9124	Ακτιου - Βόνιτσας	30	Αιτωλοακαρνανίας	13	13	5637	2578	144	15	1582	996
217	Μενιδίου	9125	Αμφιλοχίας	30	Αιτωλοακαρνανίας	8	8	2797	1357	74	8	740	617
218	Ιεράς Πόλης Μεσολογγίου	9127	Ιεράς Πόλης Μεσολογγίου	30	Αιτωλοακαρνανίας	32	32	17214	9637	637	78	5858	3779
219	Ναυπάκτου	9128	Ναυπακτίας	30	Αιτωλοακαρνανίας	35	35	17360	9726	610	79	5515	4211
220	Νεάπολης	9123	Αγρινίου	30	Αιτωλοακαρνανίας	11	11	5776	3579	102	24	2276	1303
221	Οινιάδων	9127	Ιεράς Πόλης Μεσολογγίου	30	Αιτωλοακαρνανίας	18	18	10647	5816	420	22	3468	2348
222	Παναιτωλικού	9123	Αγρινίου	30	Αιτωλοακαρνανίας	8	8	2099	1134	25	3	713	421
223	Παραβόλας	9123	Αγρινίου	30	Αιτωλοακαρνανίας	15	15	5402	2821	137	19	1828	993
224	Παρακαμπυλίων	9123	Αγρινίου	30	Αιτωλοακαρνανίας	10	10	4026	1814	87	12	1107	707
225	Πλατάνου	9128	Ναυπακτίας	30	Αιτωλοακαρνανίας	12	12	3766	739	23	5	347	392
226	Πυλλήνης	9128	Ναυπακτίας	30	Αιτωλοακαρνανίας	11	11	2659	1094	61	7	600	494
227	Στράτου	9123	Αγρινίου	30	Αιτωλοακαρνανίας	13	13	6821	3937	173	16	2266	1671
228	Φυτειών	9129	Ξηρομέρου	30	Αιτωλοακαρνανίας	7	7	3134	1753	72	15	965	788
229	Χάλκειας	9128	Ναυπακτίας	30	Αιτωλοακαρνανίας	9	9	3654	1987	108	12	1249	738
4817	Παραληθαίων	9114	Τρικκαίων	24	Τρικάλων	9	9	4219	2159	177	23	1183	976
4818	Πελινναίων	9115	Φαρκαδόνας	24	Τρικάλων	6	6	3474	1931	221	20	1312	619
4816	Παληοκάστρου	9114	Τρικκαίων	24	Τρικάλων	11	11	4079	2171	246	14	1401	770
4819	Πιαλείων	9113	Πύλης	24	Τρικάλων	11	11	4604	2291	168	25	1338	953
2301	Ελευθερούπολης	9014	Παγγαίου	5	Καβάλας	19	19	11116	6203	207	43	3756	2447
2302	Ελευθερών	9014	Παγγαίου	5	Καβάλας	14	14	7511	5105	139	37	2987	2118
2303	Θάσου	9011	Θάσου	5	Καβάλας	26	26	13816	8188	386	63	5204	2984
2304	Καβάλας	9012	Καβάλας	5	Καβάλας	90	90	52505	30299	1604	276	18144	12155
2305	Κεραμωτής	9013	Νέστου	5	Καβάλας	11	11	6182	3664	115	30	1942	1722
2306	Ορεινού	9013	Νέστου	5	Καβάλας	10	10	3653	1423	47	6	806	617
2307	Ορφανού	9014	Παγγαίου	5	Καβάλας	12	12	5589	3450	112	21	1803	1647
2308	Παγγαίου	9014	Παγγαίου	5	Καβάλας	11	11	6215	3113	118	33	1485	1628
2309	Πιερέων	9014	Παγγαίου	5	Καβάλας	14	14	5792	3294	119	33	1800	1494
2310	Φιλίππων	9012	Καβάλας	5	Καβάλας	30	30	14916	7333	371	47	4416	2917
2311	Χρυσούπολης	9013	Νέστου	5	Καβάλας	34	34	16580	9491	382	68	5465	4026
4305	Λούρου	9090	Πρέβεζας	21	Πρέβεζας	19	19	6718	3625	204	20	2163	1462
4306	Πάργας	9089	Πάργας	21	Πρέβεζας	10	10	4162	2393	84	15	1414	979
301	Αγίου Κωνσταντίνου	9219	Λαυρεωτικής	42	Αττικής	1	1	569	434	4	0	289	145
302	Αγίου Στεφάνου	9217	Διονύσου	42	Αττικής	11	11	7008	5396	238	42	2910	2486
303	Αναβύσσου	9225	Σαρωνικού	42	Αττικής	10	10	5938	4413	148	42	2453	1960
304	Ανθούσης	9223	Παλλήνης	42	Αττικής	3	3	1701	1204	94	13	742	462
305	Ανοίξεως	9217	Διονύσου	42	Αττικής	7	7	4079	3135	178	21	1513	1622
306	Αρτέμιδος (Λούτσας)	9226	Σπάτων - Αρτέμιδος	42	Αττικής	24	24	14111	10011	530	56	7050	2961
307	Αυλώνος	9227	Ωρωπού	42	Αττικής	5	5	3258	2339	141	25	1425	914
308	Αφιδνών	9227	Ωρωπού	42	Αττικής	4	4	2396	1815	65	8	1000	815
309	Αχαρνών	9215	Αχαρνών	42	Αττικής	105	105	65164	42523	2630	249	33079	9444
310	Βάρης	9216	Βάρης - Βούλας - Βουλιαγμένης	42	Αττικής	18	18	10948	7870	327	51	3845	4025
311	Βαρνάβα	9220	Μαραθώνος	42	Αττικής	3	3	1746	1231	86	12	934	297
312	Βούλας	9216	Βάρης - Βούλας - Βουλιαγμένης	42	Αττικής	34	34	20887	15010	560	91	5422	9588
313	Βουλιαγμένης	9216	Βάρης - Βούλας - Βουλιαγμένης	42	Αττικής	11	11	6876	4744	169	26	1582	3162
314	Γέρακα	9223	Παλλήνης	42	Αττικής	25	25	15832	11821	666	96	7298	4523
315	Γλυκών Νερών	9222	Παιανίας	42	Αττικής	11	11	6844	5103	195	18	3175	1928
316	Γραμματικού	9220	Μαραθώνος	42	Αττικής	3	3	1600	1084	50	6	706	378
317	Διονύσου	9217	Διονύσου	42	Αττικής	7	7	4387	3412	115	25	1031	2381
318	Δροσιάς	9217	Διονύσου	42	Αττικής	7	7	4200	3265	129	19	1129	2136
319	Θρακομακεδόνων	9215	Αχαρνών	42	Αττικής	7	7	4353	3366	143	26	1451	1915
320	Καλάμου	9227	Ωρωπού	42	Αττικής	5	5	2803	1943	70	12	1150	793
321	Καλυβίων Θορικού	9225	Σαρωνικού	42	Αττικής	15	15	9349	6702	303	42	4117	2585
322	Καπανδριτίου	9227	Ωρωπού	42	Αττικής	5	5	2672	1917	72	18	1193	724
323	Κερατέας	9219	Λαυρεωτικής	42	Αττικής	17	17	10075	7055	281	48	5050	2005
324	Κουβαρά	9225	Σαρωνικού	42	Αττικής	3	3	1593	1069	60	9	725	344
325	Κρυονερίου	9217	Διονύσου	42	Αττικής	6	6	3320	2595	108	19	1548	1047
326	Κρωπίας	9218	Κρωπίας	42	Αττικής	32	32	19493	13370	667	112	8255	5115
327	Λαυρεωτικής	9219	Λαυρεωτικής	42	Αττικής	16	16	9591	6462	378	48	4679	1783
328	Μαλακάσης	9227	Ωρωπού	42	Αττικής	2	2	1216	866	42	3	539	327
329	Μαραθώνος	9220	Μαραθώνος	42	Αττικής	12	12	7220	4842	242	23	3078	1764
330	Μαρκοπούλου Μεσογαίας	9221	Μαρκοπούλου Μεσογαίας	42	Αττικής	23	23	13467	9822	422	57	5996	3826
331	Μαρκοπούλου Ωρωπού	9227	Ωρωπού	42	Αττικής	4	4	2195	1550	38	15	1021	529
332	Νέας Μάκρης	9220	Μαραθώνος	42	Αττικής	21	21	12952	9305	389	71	5086	4219
334	Παιανίας	9222	Παιανίας	42	Αττικής	19	19	11135	8009	451	54	4801	3208
335	Παλαιάς Φωκαίας	9225	Σαρωνικού	42	Αττικής	5	5	2844	2077	94	22	1041	1036
336	Παλλήνης	9223	Παλλήνης	42	Αττικής	23	23	14345	10405	602	91	6362	4043
337	Πικερμίου	9224	Ραφήνας - Πικερμίου	42	Αττικής	6	6	3583	2783	116	23	1167	1616
338	Πολυδενδρίου	9227	Ωρωπού	42	Αττικής	2	2	1075	866	29	4	498	368
339	Ραφήνας	9224	Ραφήνας - Πικερμίου	42	Αττικής	16	16	9929	7274	295	42	4229	3045
340	Ροδοπόλεως	9217	Διονύσου	42	Αττικής	3	3	1606	1199	50	2	622	577
341	Σαρωνίδος	9225	Σαρωνικού	42	Αττικής	4	4	2037	1452	72	15	644	808
343	Σπάτων-Λούτσας	9226	Σπάτων - Αρτέμιδος	42	Αττικής	15	15	9339	6557	267	40	4267	2290
344	Σταμάτας	9217	Διονύσου	42	Αττικής	4	4	2069	1599	48	12	726	873
345	Συκαμίνου	9227	Ωρωπού	42	Αττικής	3	3	1405	1055	34	9	706	349
347	Ωρωπίων	9227	Ωρωπού	42	Αττικής	13	13	7075	5213	196	34	3459	1754
2401	Ανατολικής Αργιθέας	9091	Αργιθέας	25	Καρδίτσας	9	9	2460	629	19	8	351	278
2402	Αργιθέας	9091	Αργιθέας	25	Καρδίτσας	10	10	3271	835	66	6	358	477
2403	Αρνης	9096	Σοφάδων	25	Καρδίτσας	7	7	3449	2079	83	15	1304	775
2404	Αχελώου	9091	Αργιθέας	25	Καρδίτσας	6	6	1491	492	14	5	270	222
2405	Ιθώμης	9094	Μουζακίου	25	Καρδίτσας	12	12	4675	2108	156	21	1109	999
2406	Ιτάμου	9092	Καρδίτσας	25	Καρδίτσας	14	14	5384	2704	366	24	1596	1108
2407	Καλλιφωνίου	9092	Καρδίτσας	25	Καρδίτσας	9	9	3874	1950	211	30	1177	773
2408	Κάμπου	9092	Καρδίτσας	25	Καρδίτσας	12	12	5686	3428	155	24	2286	1142
2409	Καρδίτσας	9092	Καρδίτσας	25	Καρδίτσας	50	50	30784	19008	1052	143	12204	6804
2410	Μενελαϊδας	9096	Σοφάδων	25	Καρδίτσας	8	8	2960	1585	94	11	819	766
2411	Μητρόπολης	9092	Καρδίτσας	25	Καρδίτσας	11	11	5018	2827	286	33	1892	935
2412	Μουζακίου	9094	Μουζακίου	25	Καρδίτσας	26	26	11390	5549	289	42	3130	2419
2413	Νεβρόπολης Αγράφων	9093	Λίμνης Πλαστήρα	25	Καρδίτσας	11	11	4133	2085	87	21	1177	908
2414	Παλαμά	9095	Παλαμά	25	Καρδίτσας	20	20	9353	5572	177	43	3497	2075
2415	Παμίσου	9094	Μουζακίου	25	Καρδίτσας	10	10	5545	2867	186	25	1687	1180
2416	Πλαστήρα	9093	Λίμνης Πλαστήρα	25	Καρδίτσας	10	10	3913	2025	107	33	1186	839
2417	Ρεντίνης	9096	Σοφάδων	25	Καρδίτσας	2	2	685	278	23	1	158	120
2418	Σελλάνων	9095	Παλαμά	25	Καρδίτσας	12	12	5392	3144	102	36	1993	1151
2419	Σοφάδων	9096	Σοφάδων	25	Καρδίτσας	24	24	12210	7007	333	74	4280	2727
2420	Ταμασίου	9096	Σοφάδων	25	Καρδίτσας	10	10	4411	2139	193	18	1210	929
2421	Φύλλου	9095	Παλαμά	25	Καρδίτσας	10	10	3787	2235	128	24	1285	950
4501	Αιγείρου	9021	Κομοτηνής	2	Ροδόπης	13	13	5707	3012	115	32	1646	1366
4309	Φιλιππιάδος	9088	Ζηρού	21	Πρέβεζας	21	21	9113	5222	274	40	2876	2346
4502	Αμαξάδων	9020	Ιάσμου	2	Ροδόπης	4	4	1966	926	96	55	708	218
4503	Αρριανών	9019	Αρριανών	2	Ροδόπης	16	16	5849	3363	115	61	2526	837
401	Αλέας	9233	Αργους - Μυκηνών	44	Αργολίδος	6	6	1502	473	57	5	228	245
402	Αργους	9233	Αργους - Μυκηνών	44	Αργολίδος	45	45	24069	14873	683	93	8808	6065
403	Ασίνης	9236	Ναυπλιέων	44	Αργολίδος	11	11	4874	3179	58	23	1799	1380
404	Ασκληπιείου	9234	Επιδαύρου	44	Αργολίδος	11	11	4912	2941	154	16	1598	1343
405	Αχλαδοκάμπου	9233	Αργους - Μυκηνών	44	Αργολίδος	2	2	1148	385	17	5	167	218
406	Επιδαύρου	9234	Επιδαύρου	44	Αργολίδος	8	8	4019	2265	124	16	1252	1013
407	Ερμιόνης	9235	Ερμιονίδας	44	Αργολίδος	7	7	3780	2485	127	12	1483	1002
408	Κουτσοποδίου	9233	Αργους - Μυκηνών	44	Αργολίδος	7	7	3570	2205	101	12	1114	1091
409	Κρανιδίου	9235	Ερμιονίδας	44	Αργολίδος	18	18	8693	5414	279	42	3310	2104
410	Λέρνας	9233	Αργους - Μυκηνών	44	Αργολίδος	8	8	2705	1715	85	30	870	845
411	Λυρκείας	9233	Αργους - Μυκηνών	44	Αργολίδος	12	12	3890	1923	155	17	982	941
412	Μιδέας	9236	Ναυπλιέων	44	Αργολίδος	15	15	6630	3944	211	16	2531	1413
413	Μυκηναίων	9233	Αργους - Μυκηνών	44	Αργολίδος	10	10	4405	2724	134	15	1563	1161
414	Ναυπλιέων	9236	Ναυπλιέων	44	Αργολίδος	27	27	14604	9546	401	75	5308	4238
415	Νέας Κίου	9233	Αργους - Μυκηνών	44	Αργολίδος	4	4	2488	1648	77	17	1039	609
416	Νέας Τίρυνθας	9236	Ναυπλιέων	44	Αργολίδος	7	7	3358	2092	81	15	1219	873
4507	Μαρωνείας	9022	Μαρωνείας - Σαπών	2	Ροδόπης	22	22	9198	5009	273	56	2996	2013
4508	Νέου Σιδηροχωρίου	9021	Κομοτηνής	2	Ροδόπης	10	10	4658	2227	177	35	1224	1003
4509	Οργάνης	9019	Αρριανών	2	Ροδόπης	9	9	3157	1341	69	68	987	354
4510	Σαπών	9022	Μαρωνείας - Σαπών	2	Ροδόπης	29	29	12788	5632	427	103	3393	2239
4511	Σώστου	9020	Ιάσμου	2	Ροδόπης	18	18	8876	3692	290	169	2736	956
5306	Βουκολιών	9323	Πλατανιά	53	Χανίων	10	10	3910	2234	133	14	1740	494
4512	Φιλλύρας	9019	Αρριανών	2	Ροδόπης	25	25	9479	4363	307	93	3375	988
2501	Αγίας Τριάδος	9063	Καστοριάς	16	Καστοριάς	14	14	6333	3430	123	19	1964	1466
2502	Αγίων Αναργύρων	9063	Καστοριάς	16	Καστοριάς	7	7	3477	1714	66	13	921	793
2503	Ακριτών	9064	Νεστορίου	16	Καστοριάς	5	5	1783	769	17	3	337	432
2504	Μεσοποταμιάς	9063	Καστοριάς	16	Καστοριάς	11	11	5577	2604	106	19	1359	1245
2505	Αρρένων	9064	Νεστορίου	16	Καστοριάς	3	3	1442	504	10	5	194	310
2506	Βιτσίου	9063	Καστοριάς	16	Καστοριάς	8	8	2656	1051	27	12	567	484
2507	Γράμμου	9064	Νεστορίου	16	Καστοριάς	1	1	147	74	1	1	28	46
2508	Ίωνος Δραγούμη	9065	Ορεστίδος	16	Καστοριάς	8	8	4314	2236	63	23	1181	1055
2509	Καστοριάς	9063	Καστοριάς	16	Καστοριάς	24	24	14470	8174	266	75	4118	4056
2510	Καστρακίου	9063	Καστοριάς	16	Καστοριάς	2	2	1152	560	20	1	259	301
2511	Κλεισούρας	9063	Καστοριάς	16	Καστοριάς	2	2	688	323	14	2	164	159
2512	Κορεστείων	9063	Καστοριάς	16	Καστοριάς	7	7	2456	572	20	7	344	228
2513	Μακέδνων	9063	Καστοριάς	16	Καστοριάς	7	7	3121	1792	82	10	1079	713
2514	Νεστορίου	9064	Νεστορίου	16	Καστοριάς	8	8	4575	1339	37	8	702	637
2515	Αργους Ορεστικού	9065	Ορεστίδος	16	Καστοριάς	23	23	9999	5407	196	53	2777	2630
5404	Καμποχώρων	9266	Χίου	49	Χίου	11	11	4336	2143	165	23	1115	1028
4913	Λειανοκλαδίου	9160	Λαμιέων	33	Φθιώτιδας	6	6	2533	1639	54	15	855	784
5322	Σούδας	9325	Χανίων	53	Χανίων	10	10	5962	4166	99	23	3271	895
5201	Ανθεμούντα	9059	Πολυγύρου	9	Χαλκιδικής	10	10	4741	2940	137	28	1594	1346
5202	Αρναίας	9056	Αριστοτέλη	9	Χαλκιδικής	13	13	7010	4578	234	35	1906	2672
5203	Ζερβοχωρίων	9059	Πολυγύρου	9	Χαλκιδικής	6	6	2888	1883	131	19	960	923
501	Τύρου	9240	Νότιας Κυνουρίας	45	Αρκαδίας	5	5	2285	1327	46	16	617	710
502	Βαλτετσίου	9241	Τρίπολης	45	Αρκαδίας	14	14	4167	1355	58	11	720	635
503	Βόρειας Κυνουρίας	9237	Βόρειας Κυνουρίας	45	Αρκαδίας	38	38	14656	7390	425	70	3745	3645
504	Βυτίνας	9238	Γορτυνίας	45	Αρκαδίας	8	8	2864	1235	53	7	677	558
505	Γόρτυνος	9239	Μεγαλόπολης	45	Αρκαδίας	10	10	1751	754	25	7	406	348
506	Δημητσάνας	9238	Γορτυνίας	45	Αρκαδίας	8	8	2206	920	35	4	523	397
507	Ηραίας	9238	Γορτυνίας	45	Αρκαδίας	17	17	3383	1129	40	7	547	582
508	Κλείτορος	9238	Γορτυνίας	45	Αρκαδίας	10	10	3577	1240	71	14	634	606
509	Κοντοβαζαίνης	9238	Γορτυνίας	45	Αρκαδίας	10	10	3369	989	41	9	585	404
510	Κορυθίου	9241	Τρίπολης	45	Αρκαδίας	7	7	3274	1550	93	8	865	685
511	Κοσμά	9240	Νότιας Κυνουρίας	45	Αρκαδίας	2	2	1160	287	10	3	169	118
512	Λαγκαδίων	9238	Γορτυνίας	45	Αρκαδίας	8	8	2794	941	66	11	453	488
513	Λεβιδίου	9241	Τρίπολης	45	Αρκαδίας	16	16	8912	2646	151	16	1512	1134
514	Λεωνιδίου	9240	Νότιας Κυνουρίας	45	Αρκαδίας	17	17	6903	3342	145	32	1555	1787
515	Μαντινείας	9241	Τρίπολης	45	Αρκαδίας	13	13	7341	2038	57	19	1107	931
516	Μεγαλόπολης	9239	Μεγαλόπολης	45	Αρκαδίας	37	37	9781	4825	364	42	3209	1616
517	Σκυρίτιδας	9241	Τρίπολης	45	Αρκαδίας	8	8	3089	1084	76	7	583	501
518	Τεγέας	9241	Τρίπολης	45	Αρκαδίας	18	18	6288	2828	88	19	1605	1223
519	Τρικολώνων	9238	Γορτυνίας	45	Αρκαδίας	6	6	1488	621	15	4	348	273
520	Τρίπολης	9241	Τρίπολης	45	Αρκαδίας	41	41	25485	15172	717	126	9334	5838
521	Τροπαίων	9238	Γορτυνίας	45	Αρκαδίας	16	16	5688	2445	142	16	1393	1052
522	Φαλαισίας	9239	Μεγαλόπολης	45	Αρκαδίας	20	20	4685	1676	49	10	870	806
523	Φαλάνθου	9241	Τρίπολης	45	Αρκαδίας	7	7	2376	947	48	3	536	411
5208	Παλλήνης	9057	Κασσάνδρας	9	Χαλκιδικής	12	12	5550	3419	163	13	2073	1346
5405	Καρδαμύλων	9266	Χίου	49	Χίου	12	12	6057	1662	87	12	862	800
2601	Αγίου Γεωργίου	9118	Κέρκυρας	26	Κέρκυρας	15	15	5015	2594	153	16	1778	816
2602	Αχιλλείων	9118	Κέρκυρας	26	Κέρκυρας	21	21	11056	5987	318	33	4374	1613
2603	Ερεικούσσης	9118	Κέρκυρας	26	Κέρκυρας	1	1	671	120	7	0	51	69
2604	Εσπερίων	9118	Κέρκυρας	26	Κέρκυρας	17	17	7818	4034	257	33	2941	1093
2605	Θιναλίου	9118	Κέρκυρας	26	Κέρκυρας	13	13	5713	2981	171	39	2145	836
2606	Κασσωπαίων	9118	Κέρκυρας	26	Κέρκυρας	6	6	2445	1423	86	11	919	504
2607	Κερκυραίων	9118	Κέρκυρας	26	Κέρκυρας	58	58	34575	19103	1019	124	13021	6082
2608	Κορισσίων	9118	Κέρκυρας	26	Κέρκυρας	15	15	6272	3194	237	27	2412	782
2609	Λευκιμμαίων	9118	Κέρκυρας	26	Κέρκυρας	15	15	7412	4034	181	13	3168	866
2610	Μαθρακίου	9118	Κέρκυρας	26	Κέρκυρας	1	1	565	111	17	1	60	51
2611	Μελιτειέων	9118	Κέρκυρας	26	Κέρκυρας	14	14	6684	3736	277	39	2811	925
2612	Οθωνών	9118	Κέρκυρας	26	Κέρκυρας	1	1	621	157	8	0	74	83
2613	Παλαιοκαστριτών	9118	Κέρκυρας	26	Κέρκυρας	11	11	4478	2406	111	20	1666	740
2614	Παξών	9119	Παξών	26	Κέρκυρας	6	6	2598	1456	68	11	1080	376
2615	Παρελίων	9118	Κέρκυρας	26	Κέρκυρας	15	15	7667	3983	230	29	2973	1010
2616	Φαιάκων	9118	Κέρκυρας	26	Κέρκυρας	12	12	6039	3342	347	25	2317	1025
4914	Μακρακώμης	9162	Μακρακώμης	33	Φθιώτιδας	17	17	6710	3556	171	40	2104	1452
5323	Σφακίων	9324	Σφακίων	53	Χανίων	10	10	3130	1693	44	6	1196	497
601	Αγνάντων	9075	Κεντρικών Τζουμέρκων 	19	Αρτας	13	13	4073	1852	94	12	1139	713
602	Αθαμανίας	9075	Κεντρικών Τζουμέρκων 	19	Αρτας	21	21	6586	3161	118	17	1684	1477
603	Αμβρακικού	9073	Αρταίων	19	Αρτας	13	13	5134	2982	211	43	2023	959
604	Αράχθου	9076	Νικολάου Σκουφά	19	Αρτας	13	13	6060	3427	170	28	1967	1460
605	Αρταίων	9073	Αρταίων	19	Αρτας	38	38	20354	12742	732	124	7998	4744
606	Βλαχέρνας	9073	Αρταίων	19	Αρτας	10	10	3546	2232	84	17	1138	1094
607	Γεωργίου Καραϊσκάκη	9074	Γεωργίου Καραϊσκάκη	19	Αρτας	11	11	3655	1840	81	22	1129	711
608	Ηρακλείας	9074	Γεωργίου Καραϊσκάκη	19	Αρτας	6	6	2380	1103	78	17	524	579
609	Θεοδωριάνων	9075	Κεντρικών Τζουμέρκων 	19	Αρτας	2	2	880	378	38	1	218	160
610	Κομμένου	9076	Νικολάου Σκουφά	19	Αρτας	2	2	728	390	42	0	221	169
611	Κομποτίου	9076	Νικολάου Σκουφά	19	Αρτας	8	8	3463	1917	116	13	1162	755
612	Μελισσουργών	9075	Κεντρικών Τζουμέρκων 	19	Αρτας	2	2	607	224	16	2	157	67
613	Ξηροβουνίου	9073	Αρταίων	19	Αρτας	14	14	4680	2591	124	21	1367	1224
614	Πέτα	9076	Νικολάου Σκουφά	19	Αρτας	12	12	4444	2742	104	20	1746	996
615	Τετραφυλίας	9074	Γεωργίου Καραϊσκάκη	19	Αρτας	12	12	4367	1780	57	9	978	802
616	Φιλοθέης	9073	Αρταίων	19	Αρτας	13	13	6037	3646	251	33	2344	1302
4713	Λευκώνα	9054	Σερρών	8	Σερρών	11	11	5558	2944	200	20	1694	1250
4714	Νέας Ζίχνης	9053	Νέας Ζίχνης	8	Σερρών	27	27	12368	6216	356	62	3111	3105
4715	Νιγρίτης	9050	Βισαλτίας	8	Σερρών	19	19	11117	6013	183	51	3555	2458
4716	Ορεινής	9054	Σερρών	8	Σερρών	2	2	1262	726	33	7	464	262
4717	Πετριτσίου	9055	Σιντικής	8	Σερρών	18	18	9074	3903	118	38	2110	1793
4718	Προμαχώνος	9055	Σιντικής	8	Σερρών	1	1	378	150	4	1	72	78
4719	Πρώτης	9049	Αμφίπολης	8	Σερρών	7	7	3621	1975	71	17	849	1126
4720	Ροδολίβους	9049	Αμφίπολης	8	Σερρών	8	8	3630	1854	129	20	948	906
4721	Σερρών	9054	Σερρών	8	Σερρών	83	83	51124	27568	1414	238	15476	12092
4722	Σιδηροκάστρου	9055	Σιντικής	8	Σερρών	27	27	14850	6313	223	72	3546	2767
4723	Σκοτούσσης	9052	Ηρακλείας	8	Σερρών	14	14	6804	3472	180	20	1851	1621
4724	Σκουτάρεως	9054	Σερρών	8	Σερρών	17	17	7775	4648	99	45	2791	1857
4725	Στρυμώνα	9051	Εμμανουήλ Παππά	8	Σερρών	19	19	9663	4739	237	37	2740	1999
4726	Στρυμωνικού	9052	Ηρακλείας	8	Σερρών	11	11	5898	2699	109	18	1369	1330
4201	Αιγινίου	9048	Πύδνας - Κολινδρού	13	Πιερίας	10	10	5286	3445	179	23	2166	1279
4202	Ανατολικού Ολύμπου	9046	Δίου - Ολύμπου	13	Πιερίας	16	16	8986	5559	232	34	3627	1932
4805	Εστιαιώτιδας	9114	Τρικκαίων	24	Τρικάλων	6	6	3437	2110	123	19	1335	775
5204	Καλλικράτειας	9058	Νέας Προποντίδας	9	Χαλκιδικής	17	17	9498	6430	333	39	4109	2321
4203	Δίου	9046	Δίου - Ολύμπου	13	Πιερίας	20	20	11336	7209	235	53	4255	2954
4505	Κέχρου	9019	Αρριανών	2	Ροδόπης	5	5	2187	742	38	25	450	292
4204	Ελαφίνας	9047	Κατερίνης	13	Πιερίας	16	16	7185	3910	209	22	2450	1460
2701	Αργοστολίου	9120	Κεφαλονιάς	28	Κεφαλληνίας	28	28	14566	6211	436	48	3991	2220
2702	Ελειού - Πρόνων	9120	Κεφαλονιάς	28	Κεφαλληνίας	14	14	6102	2248	115	18	1379	869
2703	Ερίσου	9120	Κεφαλονιάς	28	Κεφαλληνίας	13	13	3044	963	59	9	553	410
2704	Ιθάκης	9117	Ιθάκης	28	Κεφαλληνίας	11	11	5338	1796	117	16	1084	712
2705	Λειβαθούς	9120	Κεφαλονιάς	28	Κεφαλληνίας	13	13	6136	2840	200	11	1841	999
2706	Ομαλών	9120	Κεφαλονιάς	28	Κεφαλληνίας	2	2	1384	615	31	1	402	213
2707	Παλικής	9120	Κεφαλονιάς	28	Κεφαλληνίας	23	23	10384	4348	275	38	3058	1290
2708	Πυλαρέων	9120	Κεφαλονιάς	28	Κεφαλληνίας	5	5	2429	853	79	12	506	347
2709	Σάμης	9120	Κεφαλονιάς	28	Κεφαλληνίας	10	10	4882	1551	88	12	1021	530
4207	Κορινού	9047	Κατερίνης	13	Πιερίας	17	17	8628	4705	156	40	2841	1864
5205	Κασσάνδρας	9057	Κασσάνδρας	9	Χαλκιδικής	18	18	9332	5797	251	48	3643	2154
4208	Λιτοχώρου	9046	Δίου - Ολύμπου	13	Πιερίας	11	11	7422	4661	251	42	2988	1673
4209	Μεθώνης	9048	Πύδνας - Κολινδρού	13	Πιερίας	8	8	3763	2245	117	15	1392	853
4604	Καρλοβασίων	9264	Σάμου	50	Σάμου	22	22	10989	5151	328	45	3534	1617
4210	Παραλίας	9047	Κατερίνης	13	Πιερίας	12	12	6876	3986	375	39	2633	1353
4211	Πέτρας	9047	Κατερίνης	13	Πιερίας	14	14	7185	4427	89	45	2424	2003
4212	Πιερίων	9047	Κατερίνης	13	Πιερίας	7	7	3580	1985	141	18	1078	907
5010	Πρεσπών	9071	Πρεσπών	14	Φλώρινας	15	15	5965	1213	31	14	622	591
5206	Μουδανιών	9058	Νέας Προποντίδας	9	Χαλκιδικής	30	30	16891	10584	484	93	6421	4163
701	Αιγείρας	9130	Αιγιαλείας	31	Αχαΐας	12	12	2847	1685	88	11	1070	615
702	Αιγίου	9130	Αιγιαλείας	31	Αχαΐας	51	51	27194	16276	887	99	10597	5679
703	Ακράτας	9130	Αιγιαλείας	31	Αχαΐας	17	17	5542	3164	95	20	1744	1420
704	Αροανίας	9133	Καλαβρύτων	31	Αχαΐας	13	13	2965	1309	65	14	771	538
705	Βραχναιίκων	9134	Πατρέων	31	Αχαΐας	8	8	4453	2943	195	20	2029	914
706	Διακοπτού	9130	Αιγιαλείας	31	Αχαΐας	16	16	6608	3816	222	26	2373	1443
707	Δύμης	9131	Δυτικής Αχαϊας	31	Αχαΐας	18	18	9312	5699	181	23	4150	1549
708	Ερινεού	9130	Αιγιαλείας	31	Αχαΐας	8	8	3750	2299	83	18	1442	857
709	Καλαβρύτων	9133	Καλαβρύτων	31	Αχαΐας	36	36	8369	4066	293	22	2344	1722
710	Καλεντζίου	9132	Ερυμάνθου	31	Αχαΐας	1	1	586	395	10	0	231	164
711	Λαρισσού	9131	Δυτικής Αχαϊας	31	Αχαΐας	18	18	7773	4877	137	23	3367	1510
712	Λεοντίου	9132	Ερυμάνθου	31	Αχαΐας	3	3	878	476	36	4	335	141
713	Λευκασίου	9133	Καλαβρύτων	31	Αχαΐας	17	17	4413	1781	104	13	990	791
714	Μεσσάτιδος	9134	Πατρέων	31	Αχαΐας	19	19	9789	6771	512	46	5163	1608
715	Μόβρης	9131	Δυτικής Αχαϊας	31	Αχαΐας	11	11	5662	3315	83	21	2309	1006
716	Παϊων	9133	Καλαβρύτων	31	Αχαΐας	8	8	2542	986	33	9	526	460
717	Παραλίας	9134	Πατρέων	31	Αχαΐας	11	11	6408	4475	181	29	3444	1031
718	Πατρέων	9134	Πατρέων	31	Αχαΐας	202	202	129532	84842	4923	553	59003	25839
719	Ρίου	9134	Πατρέων	31	Αχαΐας	23	23	11483	7901	434	54	5031	2870
720	Συμπολιτείας	9130	Αιγιαλείας	31	Αχαΐας	21	21	6746	4152	250	31	2670	1482
721	Τριταίας	9132	Ερυμάνθου	31	Αχαΐας	16	16	5686	3472	142	10	2412	1060
722	Φαρρών	9132	Ερυμάνθου	31	Αχαΐας	20	20	7694	4764	363	25	3483	1281
723	Ωλένιας	9131	Δυτικής Αχαϊας	31	Αχαΐας	16	16	7147	4518	195	28	3171	1347
4820	Πύλης	9113	Πύλης	24	Τρικάλων	11	11	5109	2523	255	30	1428	1095
4821	Πυνδαίων	9113	Πύλης	24	Τρικάλων	9	9	3222	1402	93	11	720	682
4822	Τρικκαίων	9114	Τρικκαίων	24	Τρικάλων	65	65	39331	24551	1755	242	14593	9958
4823	Τυμφαίων	9112	Καλαμπάκας	24	Τρικάλων	11	11	3391	1412	99	12	894	518
4824	Φαλωρείας	9114	Τρικκαίων	24	Τρικάλων	12	12	5420	2881	272	33	1600	1281
4825	Φαρκαδόνας	9115	Φαρκαδόνας	24	Τρικάλων	15	15	7481	3959	273	23	2378	1581
4826	Χασίων	9112	Καλαμπάκας	24	Τρικάλων	17	17	6016	2653	208	29	1495	1158
4901	Αγίου Γεωργίου Τυμφρηστού	9162	Μακρακώμης	33	Φθιώτιδας	13	13	2918	1588	52	11	884	704
4902	Αγίου Κωνσταντίνου	9163	Μώλου - Αγίου Κωνσταντίνου	33	Φθιώτιδας	6	6	2940	2046	64	9	1179	867
4903	Αμφίκλειας	9158	Αμφίκλειας - Ελάτειας	33	Φθιώτιδας	9	9	3909	2249	72	13	1158	1091
2801	Αξιούπολης	9041	Παιονίας	10	Κιλκίς	18	18	8154	4380	201	24	2505	1875
2802	Γαλλικού	9040	Κιλκίς	10	Κιλκίς	16	16	8286	5044	249	38	3208	1836
2803	Γουμένισσας	9041	Παιονίας	10	Κιλκίς	17	17	8938	4301	308	47	2438	1863
2804	Δοϊράνης	9040	Κιλκίς	10	Κιλκίς	6	6	2871	1638	86	12	942	696
2805	Ευρωπού	9041	Παιονίας	10	Κιλκίς	11	11	5387	3359	189	19	1857	1502
2806	Κιλκίς	9040	Κιλκίς	10	Κιλκίς	46	46	24378	13913	580	113	8839	5074
2807	Κρουσσών	9040	Κιλκίς	10	Κιλκίς	29	29	11781	5695	276	52	3065	2630
2808	Λιβαδίων	9041	Παιονίας	10	Κιλκίς	2	2	646	318	6	2	137	181
2809	Μουριών	9040	Κιλκίς	10	Κιλκίς	11	11	5513	2326	118	19	1018	1308
2810	Πικρολίμνης	9040	Κιλκίς	10	Κιλκίς	18	18	9012	5253	200	33	2788	2465
2811	Πολυκάστρου	9041	Παιονίας	10	Κιλκίς	30	30	14507	7774	318	52	4363	3411
2812	Χέρσου	9040	Κιλκίς	10	Κιλκίς	11	11	5411	2688	191	19	1574	1114
4906	Δαφνουσίων	9161	Λοκρών	33	Φθιώτιδας	7	7	3563	2289	167	14	1500	789
5406	Μαστιχοχωρίων	9266	Χίου	49	Χίου	14	14	6142	2650	155	18	1240	1410
4915	Μαλεσίνης	9161	Λοκρών	33	Φθιώτιδας	8	8	4218	3058	64	22	2132	926
4907	Δομοκού	9159	Δομοκού	33	Φθιώτιδας	18	18	6337	3730	133	32	2132	1598
4908	Ελάτειας	9158	Αμφίκλειας - Ελάτειας	33	Φθιώτιδας	9	9	3858	2279	118	11	1435	844
5004	Κάτω Κλεινών	9072	Φλώρινας	14	Φλώρινας	25	25	12422	2637	146	26	1417	1220
4909	Εχιναίων	9164	Στυλίδας	33	Φθιώτιδας	9	9	3850	2507	144	25	1341	1166
4910	Θεσσαλιώτιδος	9159	Δομοκού	33	Φθιώτιδας	10	10	3860	2272	125	16	1096	1176
4506	Κομοτηνής	9021	Κομοτηνής	2	Ροδόπης	86	86	44881	24145	1427	435	14785	9360
801	Ακραιφνίας	9146	Ορχομενού	36	Βοιωτίας	6	6	2834	1816	99	7	1263	553
802	Αλιάρτου	9142	Αλιάρτου	36	Βοιωτίας	11	11	5975	3702	293	34	2585	1117
803	Αντικύρας	9143	Διστόμου - Αράχοβας - Αντίκυρας	36	Βοιωτίας	3	3	1742	1243	84	5	841	402
804	Αραχώβης	9143	Διστόμου - Αράχοβας - Αντίκυρας	36	Βοιωτίας	5	5	2798	1653	130	17	871	782
805	Βαγίων	9144	Θηβαίων	36	Βοιωτίας	5	5	3178	1909	131	15	1384	525
806	Δαύλειας	9145	Λεβαδέων	36	Βοιωτίας	5	5	2097	1231	135	9	728	503
807	Δερβενοχωρίων	9147	Τανάγρας	36	Βοιωτίας	6	6	1992	1335	98	7	882	453
808	Διστόμου	9143	Διστόμου - Αράχοβας - Αντίκυρας	36	Βοιωτίας	6	6	3091	2019	138	20	1157	862
809	Θεσπιέων	9142	Αλιάρτου	36	Βοιωτίας	10	10	5270	3085	188	16	2108	977
810	Θηβαίων	9144	Θηβαίων	36	Βοιωτίας	33	33	19780	11991	1037	63	8127	3864
811	Θίσβης	9144	Θηβαίων	36	Βοιωτίας	10	10	4773	2044	208	17	1279	765
812	Κορώνειας	9145	Λεβαδέων	36	Βοιωτίας	10	10	4570	2768	176	18	1708	1060
813	Κυριακίου	9145	Λεβαδέων	36	Βοιωτίας	4	4	2129	1429	80	3	1138	291
814	Λεβαδέων	9145	Λεβαδέων	36	Βοιωτίας	33	33	18459	12403	775	77	8642	3761
815	Οινοφύτων	9147	Τανάγρας	36	Βοιωτίας	8	8	4486	3054	206	21	2062	992
816	Ορχομενού	9146	Ορχομενού	36	Βοιωτίας	19	19	9798	5879	395	46	4022	1857
817	Πλαταιών	9144	Θηβαίων	36	Βοιωτίας	9	9	4915	3024	219	18	2146	878
818	Σχηματαρίου	9147	Τανάγρας	36	Βοιωτίας	8	8	4562	3513	258	18	2535	978
819	Τανάγρας	9147	Τανάγρας	36	Βοιωτίας	6	6	2849	1960	78	11	1146	814
820	Χαιρωνείας	9145	Λεβαδέων	36	Βοιωτίας	9	9	2284	1332	94	8	799	533
4917	Ξυνιάδος	9159	Δομοκού	33	Φθιώτιδας	9	9	3819	2120	112	19	1211	909
4918	Οπουντίων	9161	Λοκρών	33	Φθιώτιδας	6	6	3211	2215	103	9	1619	596
4919	Παύλιανης	9160	Λαμιέων	33	Φθιώτιδας	1	1	489	252	16	3	143	109
4920	Πελασγίας	9164	Στυλίδας	33	Φθιώτιδας	7	7	2886	1835	136	13	1005	830
4921	Σπερχειάδος	9162	Μακρακώμης	33	Φθιώτιδας	25	25	8001	4222	212	36	2469	1753
4801	Αιθήκων	9113	Πύλης	24	Τρικάλων	11	11	4268	2361	157	19	1276	1085
4923	Τιθορέας	9158	Αμφίκλειας - Ελάτειας	33	Φθιώτιδας	8	8	3619	2115	120	12	1306	809
4924	Τυμφρηστού	9162	Μακρακώμης	33	Φθιώτιδας	1	1	549	288	8	2	166	122
4925	Υπάτης	9160	Λαμιέων	33	Φθιώτιδας	22	22	5573	3427	113	35	2051	1376
2901	Αγίας Παρασκευής	9067	Εορδαίας	15	Κοζάνης	7	7	3403	2030	75	23	1453	577
2902	Αιανής	9068	Κοζάνης	15	Κοζάνης	11	11	4704	2929	123	27	1992	937
2903	Ασκίου	9066	Βοϊου	15	Κοζάνης	13	13	6144	3047	127	25	1487	1560
2904	Βελβεντού	9069	Σερβίων - Βελβεντού 	15	Κοζάνης	9	9	4669	2251	81	28	1406	845
2905	Βερμίου	9067	Εορδαίας	15	Κοζάνης	9	9	4537	2310	80	27	1544	766
2906	Βλάστης	9067	Εορδαίας	15	Κοζάνης	2	2	1083	510	9	7	217	293
2907	Δημητρίου Υψηλάντη	9068	Κοζάνης	15	Κοζάνης	8	8	4165	2286	125	16	1575	711
2908	Ελιμείας	9068	Κοζάνης	15	Κοζάνης	15	15	7287	4615	228	46	3173	1442
2909	Ελλησπόντου	9068	Κοζάνης	15	Κοζάνης	24	24	10676	5702	255	36	3638	2064
2910	Καμβουνίων	9069	Σερβίων - Βελβεντού 	15	Κοζάνης	8	8	2864	1581	126	16	1001	580
2911	Κοζάνης	9068	Κοζάνης	15	Κοζάνης	69	69	38644	24396	1100	203	15547	8849
2912	Λιβαδερού	9069	Σερβίων - Βελβεντού 	15	Κοζάνης	4	4	2310	921	22	7	546	375
2913	Μουρικίου	9067	Εορδαίας	15	Κοζάνης	13	13	5965	3270	116	19	2046	1224
2914	Νεάπολης	9066	Βοϊου	15	Κοζάνης	23	23	6447	3069	193	25	1577	1492
2915	Πενταλόφου	9066	Βοϊου	15	Κοζάνης	5	5	1346	448	10	7	203	245
2916	Πτολεμαϊδας	9067	Εορδαίας	15	Κοζάνης	53	53	29544	19035	792	127	13289	5746
2917	Σερβίων	9069	Σερβίων - Βελβεντού 	15	Κοζάνης	28	28	13423	6884	389	44	4161	2723
2918	Σιάτιστας	9066	Βοϊου	15	Κοζάνης	13	13	7285	4024	255	36	2085	1939
2919	Τσοτυλίου	9066	Βοϊου	15	Κοζάνης	29	29	7627	2759	69	22	1218	1541
4803	Βασιλικής	9112	Καλαμπάκας	24	Τρικάλων	7	7	3025	1604	70	16	1043	561
901	Αβδέλλας	9061	Γρεβενών	17	Γρεβενών	1	1	344	89	0	1	57	32
902	Βεντζίου	9061	Γρεβενών	17	Γρεβενών	13	13	3791	1971	48	21	945	1026
903	Γόργιανης	9061	Γρεβενών	17	Γρεβενών	8	8	2038	947	45	10	546	401
904	Γρεβενών	9061	Γρεβενών	17	Γρεβενών	34	34	14722	8103	411	62	4464	3639
905	Δεσκάτης	9062	Δεσκάτης	17	Γρεβενών	13	13	5950	2882	252	26	1698	1184
906	Δοτσικού	9061	Γρεβενών	17	Γρεβενών	1	1	301	135	2	0	67	68
907	Ηρακλεωτών	9061	Γρεβενών	17	Γρεβενών	10	10	3499	1763	114	19	844	919
908	Θεόδωρου Ζιάκα	9061	Γρεβενών	17	Γρεβενών	14	14	3939	1914	112	26	1016	898
909	Αγίου Κοσμά	9061	Γρεβενών	17	Γρεβενών	11	11	2520	1170	32	5	576	594
910	Μεσολουρίου	9061	Γρεβενών	17	Γρεβενών	1	1	156	71	5	1	44	27
911	Περιβολίου	9061	Γρεβενών	17	Γρεβενών	1	1	355	135	5	1	68	67
912	Σαμαρίνης	9061	Γρεβενών	17	Γρεβενών	1	1	558	270	2	2	112	158
913	Σμίξης	9061	Γρεβενών	17	Γρεβενών	1	1	541	178	17	1	120	58
914	Φιλιππαίων	9061	Γρεβενών	17	Γρεβενών	1	1	445	206	8	4	119	87
915	Χασίων	9062	Δεσκάτης	17	Γρεβενών	7	7	2494	1277	52	18	750	527
4804	Γόμφων	9113	Πύλης	24	Τρικάλων	11	11	5865	3213	279	39	1842	1371
4916	Μώλου	9163	Μώλου - Αγίου Κωνσταντίνου	33	Φθιώτιδας	13	13	4986	2960	157	17	1670	1290
4807	Καλλιδένδρου	9114	Τρικκαίων	24	Τρικάλων	7	7	2730	1544	164	19	923	621
4802	Ασπροποτάμου	9112	Καλαμπάκας	24	Τρικάλων	5	5	2224	1065	71	13	571	494
3001	Αγίων Θεοδώρων	9244	Λουτρακίου - Αγίων Θεοδώρων	43	Κορινθίας	7	7	3793	2618	259	13	1862	756
3002	Ασσου-Λεχαίου	9243	Κορινθίων	43	Κορινθίας	12	12	6257	3932	163	24	2412	1520
3003	Βέλου	9242	Βέλου - Βόχας	43	Κορινθίας	17	17	8013	5126	196	42	3049	2077
3004	Βόχας	9242	Βέλου - Βόχας	43	Κορινθίας	20	20	9744	5717	244	48	3471	2246
3005	Ευρωστίνης	9246	Ξυλοκάστρου - Ευρωστίνης	43	Κορινθίας	14	14	5450	3255	110	20	1734	1521
3006	Κορινθίων	9243	Κορινθίων	43	Κορινθίας	58	58	31179	20800	977	129	13617	7183
3007	Λουτρακίου-Περαχώρας	9244	Λουτρακίου - Αγίων Θεοδώρων	43	Κορινθίας	28	28	14711	10086	622	60	6567	3519
3008	Νεμέας	9245	Νεμέας	43	Κορινθίας	19	19	7763	4492	189	34	2671	1821
3009	Ξυλοκάστρου	9246	Ξυλοκάστρου - Ευρωστίνης	43	Κορινθίας	41	41	15682	8988	487	67	5088	3900
3010	Σαρωνικού	9243	Κορινθίων	43	Κορινθίας	9	9	4659	3164	74	31	2094	1070
3011	Σικυωνίων	9247	Σικυωνίων	43	Κορινθίας	38	38	17778	10934	555	80	6590	4344
3012	Σολυγείας	9243	Κορινθίων	43	Κορινθίας	6	6	3032	1836	38	7	1081	755
3013	Στυμφαλίας	9247	Σικυωνίων	43	Κορινθίας	10	10	3910	1958	118	15	1030	928
3014	Τενέας	9243	Κορινθίων	43	Κορινθίας	10	10	5011	3238	145	21	2060	1178
3015	Φενεού	9247	Σικυωνίων	43	Κορινθίας	9	9	3156	1349	80	8	772	577
4806	Καλαμπάκας	9112	Καλαμπάκας	24	Τρικάλων	26	26	12865	7121	344	51	4259	2862
4601	Αγίου Κηρύκου	9259	Ικαρίας 	50	Σάμου	8	8	4663	1926	210	17	1398	528
4602	Βαθέος	9264	Σάμου	50	Σάμου	25	25	13612	6480	349	60	4361	2119
5304	Ασή Γωνιάς	9319	Αποκορώνου	53	Χανίων	2	2	739	449	9	1	308	141
4603	Ευδήλου	9259	Ικαρίας 	50	Σάμου	10	10	3788	1838	263	20	1525	313
1001	Δοξάτου	9001	Δοξάτου	4	Δράμας	23	23	12797	6483	219	47	3881	2602
1002	Δράμας	9002	Δράμας	4	Δράμας	88	88	50629	28927	1065	234	16958	11969
1003	Καλαμπακίου	9001	Δοξάτου	4	Δράμας	13	13	7404	4122	156	42	2309	1813
1004	Κάτω Νευροκοπίου	9003	Κάτω Νευροκοπίου	4	Δράμας	29	29	12368	5439	201	41	3011	2428
1005	Νικηφόρου	9004	Παρανεστίου	4	Δράμας	13	13	6178	2738	63	27	1390	1348
1006	Παρανεστίου	9004	Παρανεστίου	4	Δράμας	6	6	2772	1034	56	3	564	470
1007	Προσοτσάνης	9005	Προσοτσάνης	4	Δράμας	30	30	16458	7359	236	60	3774	3585
1008	Σιδηρονέρου	9002	Δράμας	4	Δράμας	3	3	1023	486	9	0	302	184
1009	Σιταγρών	9005	Προσοτσάνης	4	Δράμας	14	14	6932	3586	143	24	2155	1431
5106	Δεσφίνης	9165	Δελφών	35	Φωκίδας	3	3	1863	1106	127	14	796	310
5107	Ευπαλίου	9166	Δωρίδος	35	Φωκίδας	20	20	6807	3446	197	16	1795	1651
5108	Ιτέας	9165	Δελφών	35	Φωκίδας	10	10	5481	3239	301	26	2062	1177
4606	Πυθαγορείου	9264	Σάμου	50	Σάμου	23	23	10712	4740	291	42	3273	1467
5110	Λιδορικίου	9166	Δωρίδος	35	Φωκίδας	20	20	4464	1893	102	57	855	1038
5111	Παρνασσού	9165	Δελφών	35	Φωκίδας	5	5	2122	1195	51	13	670	525
5112	Τολοφώνος	9166	Δωρίδος	35	Φωκίδας	11	11	3255	1910	61	15	978	932
5012	Φλώρινας	9072	Φλώρινας	14	Φλώρινας	33	33	19846	7509	310	70	4366	3143
4607	Ραχών	9259	Ικαρίας 	50	Σάμου	6	6	2896	1443	180	17	1217	226
4608	Φούρνων Κορσεών	9260	Φούρνων Κορσεών	50	Σάμου	5	5	1741	698	107	6	321	377
4808	Καστανιάς	9112	Καλαμπάκας	24	Τρικάλων	7	7	2271	1120	71	9	622	498
3101	Αμοργού	9291	Αμοργού	51	Κυκλάδων	6	6	2226	1101	105	21	667	434
3102	Ανάφης	9269	Ανάφης	51	Κυκλάδων	1	1	459	193	23	6	122	71
3103	Ανδρου	9268	Ανδρου	51	Κυκλάδων	13	13	5804	2558	108	28	1127	1431
3104	Αντιπάρου	9293	Αντιπάρου	51	Κυκλάδων	2	2	1184	768	27	8	472	296
3105	Ανω Σύρου	9300	Σύρου - Ερμούπολης	51	Κυκλάδων	7	7	3282	1933	94	29	1284	649
3106	Δονούσης	9292	Νάξου & Μικρών Κυκλάδων	51	Κυκλάδων	1	1	208	92	6	1	58	34
3107	Δρυμαλίας	9292	Νάξου & Μικρών Κυκλάδων	51	Κυκλάδων	20	20	9033	3964	218	28	2785	1179
3108	Εξωμβούργου	9301	Τήνου	51	Κυκλάδων	11	11	4374	2300	82	33	1240	1060
3109	Ερμουπόλεως	9300	Σύρου - Ερμούπολης	51	Κυκλάδων	24	24	15037	8629	538	81	6075	2554
3110	Ηράκλειας	9292	Νάξου & Μικρών Κυκλάδων	51	Κυκλάδων	1	1	159	87	0	2	56	31
3111	Θήρας	9270	Θήρας	51	Κυκλάδων	23	23	12344	7862	376	72	5239	2623
3112	Ιητών	9271	Ιητών	51	Κυκλάδων	4	4	2283	1064	106	13	677	387
3113	Κέας	9282	Κέας	51	Κυκλάδων	5	5	2393	1359	96	12	738	621
3114	Κιμώλου	9286	Κιμώλου	51	Κυκλάδων	3	3	1503	628	92	6	375	253
3115	Κορθίου	9268	Ανδρου	51	Κυκλάδων	8	8	3106	1311	66	11	748	563
3116	Κουφονησίων	9292	Νάξου & Μικρών Κυκλάδων	51	Κυκλάδων	1	1	337	214	3	2	135	79
3117	Κύθνου	9283	Κύθνου	51	Κυκλάδων	5	5	2583	1286	49	11	672	614
3118	Μήλου	9287	Μήλου	51	Κυκλάδων	11	11	5430	2853	258	29	1835	1018
3119	Μυκόνου	9290	Μυκόνου	51	Κυκλάδων	13	13	7584	5019	296	43	2749	2270
3120	Νάξου	9292	Νάξου & Μικρών Κυκλάδων	51	Κυκλάδων	22	22	10766	6842	177	62	4552	2290
3121	Οίας	9270	Θήρας	51	Κυκλάδων	3	3	1725	667	156	11	361	306
3122	Πανόρμου	9301	Τήνου	51	Κυκλάδων	2	2	891	456	16	8	336	120
3123	Πάρου	9294	Πάρου	51	Κυκλάδων	23	23	12540	7193	691	78	4498	2695
3124	Ποσειδωνίας	9300	Σύρου - Ερμούπολης	51	Κυκλάδων	5	5	2533	1616	162	22	1011	605
3125	Σερίφου	9288	Σερίφου	51	Κυκλάδων	4	4	2287	936	70	9	546	390
3126	Σικίνου	9272	Σικίνου	51	Κυκλάδων	1	1	467	206	8	2	135	71
3127	Σίφνου	9289	Σίφνου	51	Κυκλάδων	6	6	3190	1797	99	16	1057	740
3128	Σχοινούσσης	9292	Νάξου & Μικρών Κυκλάδων	51	Κυκλάδων	1	1	283	150	4	2	110	40
3129	Τήνου	9301	Τήνου	51	Κυκλάδων	9	9	4693	3112	95	35	1906	1206
3130	Υδρούσας	9268	Ανδρου	51	Κυκλάδων	13	13	3798	2035	134	17	1267	768
3131	Φολεγάνδρου	9273	Φολεγάνδρου	51	Κυκλάδων	2	2	796	445	46	5	246	199
5301	Ακρωτηρίου	9325	Χανίων	53	Χανίων	13	13	8265	5821	218	33	4396	1425
5105	Δελφών	9165	Δελφών	35	Φωκίδας	4	4	1770	1067	66	7	604	463
4810	Κόζιακα	9114	Τρικκαίων	24	Τρικάλων	8	8	3468	1803	208	18	1021	782
4704	Ανω Βροντούς	9054	Σερρών	8	Σερρών	1	1	573	270	53	1	187	83
1101	Ανω Λιοσίων	9232	Φυλής	42	Αττικής	40	40	24649	15422	968	85	12184	3238
1102	Ασπροπύργου	9228	Ασπροπύργου	42	Αττικής	39	39	23566	14468	1142	100	11459	3009
1103	Βιλίων	9230	Μάνδρας - Ειδυλλίας	42	Αττικής	7	7	3750	2392	70	6	1354	1038
1104	Ελευσίνος	9229	Ελευσίνας	42	Αττικής	35	35	21815	14016	938	96	9969	4047
1105	Ερυθρών	9230	Μάνδρας - Ειδυλλίας	42	Αττικής	6	6	3415	2088	150	15	1332	756
1106	Ζεφυρίου	9232	Φυλής	42	Αττικής	11	11	6354	3461	317	39	2472	989
1107	Μαγούλας	9229	Ελευσίνας	42	Αττικής	6	6	3363	2381	117	19	1817	564
1108	Μάνδρας	9230	Μάνδρας - Ειδυλλίας	42	Αττικής	17	17	9961	6581	355	36	4763	1818
1109	Μεγαρέων	9231	Μεγαρέων	42	Αττικής	37	37	22107	13850	644	87	9073	4777
1110	Νέας Περάμου	9231	Μεγαρέων	42	Αττικής	11	11	6744	4569	327	28	3295	1274
1111	Οινόης	9230	Μάνδρας - Ειδυλλίας	42	Αττικής	2	2	761	480	61	5	360	120
1112	Φυλής	9232	Φυλής	42	Αττικής	5	5	2828	2003	57	14	1473	530
5209	Παναγίας	9056	Αριστοτέλη	9	Χαλκιδικής	8	8	4101	2750	64	23	1495	1255
5210	Πολυγύρου	9059	Πολυγύρου	9	Χαλκιδικής	19	19	10358	6834	290	63	3613	3221
5211	Σιθωνίας	9060	Σιθωνίας	9	Χαλκιδικής	15	15	8628	5282	397	47	3260	2022
5212	Σταγύρων-Ακάνθου	9056	Αριστοτέλη	9	Χαλκιδικής	20	20	10055	6502	344	51	4145	2357
5213	Τορώνης	9060	Σιθωνίας	9	Χαλκιδικής	7	7	3934	2388	89	18	1719	669
5214	Τρίγλιας	9058	Νέας Προποντίδας	9	Χαλκιδικής	11	11	6015	3899	211	33	2340	1559
4912	Λαμιέων	9160	Λαμιέων	33	Φθιώτιδας	83	83	48140	30869	1372	266	19019	11850
5307	Γαύδου	9320	Γαύδου	53	Χανίων	1	1	185	79	3	0	59	20
5308	Γεωργιουπόλεως	9319	Αποκορώνου	53	Χανίων	7	7	3100	1803	63	12	1404	399
5309	Ελευθερίου Βενιζέλου	9325	Χανίων	53	Χανίων	13	13	8406	5728	181	35	4637	1091
5310	Θερίσου	9325	Χανίων	53	Χανίων	10	10	5668	3893	131	17	3091	802
5311	Ινναχωρίου	9322	Κισσάμου	53	Χανίων	8	8	2169	1147	94	7	838	309
3201	Ανατολικής Μάνης	9248	Ανατολικής Μάνης	47	Λακωνίας	7	7	2101	689	37	7	311	378
3202	Ασωπού	9251	Μονεμβασίας	47	Λακωνίας	8	8	4099	1956	62	16	988	968
3203	Βοιών	9251	Μονεμβασίας	47	Λακωνίας	18	18	8232	3961	105	32	2222	1739
3204	Γερόνθρων	9250	Ευρώτα	47	Λακωνίας	6	6	2880	1184	47	10	510	674
3205	Γυθείου	9248	Ανατολικής Μάνης	47	Λακωνίας	26	26	10087	4409	106	33	2153	2256
3206	Ελαφονήσου	9249	Ελαφονήσου	47	Λακωνίας	2	2	1180	609	22	9	397	212
3207	Έλους	9250	Ευρώτα	47	Λακωνίας	11	11	5396	2869	125	24	1570	1299
3208	Ζάρακα	9251	Μονεμβασίας	47	Λακωνίας	7	7	2693	901	54	5	376	525
3209	Θεραπνών	9252	Σπάρτης	47	Λακωνίας	10	10	4414	1778	76	15	823	955
3210	Καρυών	9252	Σπάρτης	47	Λακωνίας	3	3	1417	408	30	2	254	154
3211	Κροκεών	9250	Ευρώτα	47	Λακωνίας	9	9	4333	1494	80	19	846	648
3212	Μολάων	9251	Μονεμβασίας	47	Λακωνίας	14	14	6591	2635	90	17	1229	1406
3213	Μονεμβασίας	9251	Μονεμβασίας	47	Λακωνίας	12	12	5174	2169	116	15	1132	1037
3214	Μυστρά	9252	Σπάρτης	47	Λακωνίας	17	17	8077	2743	130	25	1393	1350
3215	Νιάτων	9250	Ευρώτα	47	Λακωνίας	7	7	3302	1388	95	5	588	800
3216	Οινούντος	9252	Σπάρτης	47	Λακωνίας	12	12	4855	1469	65	12	723	746
3217	Οιτύλου	9248	Ανατολικής Μάνης	47	Λακωνίας	21	21	6445	2270	75	13	1073	1197
3218	Πελλάνας	9252	Σπάρτης	47	Λακωνίας	16	16	7415	1951	144	8	895	1056
3219	Σκάλας	9250	Ευρώτα	47	Λακωνίας	13	13	6558	3299	87	23	1949	1350
3220	Σμύνους	9248	Ανατολικής Μάνης	47	Λακωνίας	11	11	2820	929	42	11	396	533
3221	Σπάρτης	9252	Σπάρτης	47	Λακωνίας	33	33	19756	8839	486	64	4702	4137
3222	Φαρίδος	9252	Σπάρτης	47	Λακωνίας	18	18	7349	2502	130	24	1286	1216
5316	Κρυονερίδας	9319	Αποκορώνου	53	Χανίων	7	7	3256	1722	74	2	1277	445
5317	Μουσούρων	9323	Πλατανιά	53	Χανίων	17	17	5963	3587	112	16	2630	957
4813	Μυροφύλλου	9113	Πύλης	24	Τρικάλων	3	3	704	236	22	3	130	106
5318	Μυθήμνης	9322	Κισσάμου	53	Χανίων	12	12	3674	2232	86	18	1638	594
5319	Νέας Κυδωνίας	9325	Χανίων	53	Χανίων	10	10	6284	4399	122	31	3248	1151
1201	Αγαθονησίου	9274	Αγαθονησίου	52	Δωδεκανήσου	1	1	276	122	4	1	59	63
1202	Αρχαγγέλου	9296	Ρόδου	52	Δωδεκανήσου	13	13	7147	4422	204	19	2943	1479
1203	Αστυπάλαιας	9275	Αστυπάλαιας	52	Δωδεκανήσου	3	3	1949	1080	24	3	641	439
1204	Ατταβύρου	9296	Ρόδου	52	Δωδεκανήσου	10	10	4668	2295	98	17	1316	979
1205	Αφάντου	9296	Ρόδου	52	Δωδεκανήσου	10	10	5813	4362	185	31	2815	1547
1206	Δικαίου	9284	Κω	52	Δωδεκανήσου	9	9	5840	3495	197	18	2556	939
1207	Ηρακλειδών	9284	Κω	52	Δωδεκανήσου	12	12	6917	4364	315	28	2987	1377
1208	Ιαλυσού	9296	Ρόδου	52	Δωδεκανήσου	11	11	6805	4498	131	27	2979	1519
1209	Καλλιθέας	9296	Ρόδου	52	Δωδεκανήσου	12	12	6900	4930	219	21	2993	1937
1210	Καλυμνίων	9276	Καλυμνίων	52	Δωδεκανήσου	39	39	21224	8536	482	44	5943	2593
1211	Καμείρου	9296	Ρόδου	52	Δωδεκανήσου	13	13	5761	3466	257	23	2358	1108
1212	Καρπάθου	9280	Καρπάθου	52	Δωδεκανήσου	15	15	7273	3053	169	26	1765	1288
1213	Κάσου	9281	Κάσου	52	Δωδεκανήσου	3	3	1861	634	11	1	303	331
1214	Κω	9284	Κω	52	Δωδεκανήσου	25	25	16072	9667	615	55	6519	3148
1215	Λειψών	9277	Λειψών	52	Δωδεκανήσου	2	2	1182	382	14	1	251	131
1216	Λέρου	9278	Λέρου	52	Δωδεκανήσου	15	15	8690	4104	390	51	2905	1199
1217	Λινδίων	9296	Ρόδου	52	Δωδεκανήσου	10	10	4773	2768	152	16	1540	1228
1218	Μεγίστης	9295	Μεγίστης	52	Δωδεκανήσου	1	1	1591	387	129	2	259	128
1219	Νισύρου	9285	Νισύρου	52	Δωδεκανήσου	4	4	2167	673	29	4	497	176
1220	Νότιας Ρόδου	9296	Ρόδου	52	Δωδεκανήσου	14	14	5174	2439	84	16	1325	1114
1221	Ολύμπου	9280	Καρπάθου	52	Δωδεκανήσου	2	2	1049	266	27	1	178	88
1222	Πάτμου	9279	Πάτμου	52	Δωδεκανήσου	7	7	3271	1852	116	16	1197	655
1223	Πεταλούδων	9296	Ρόδου	52	Δωδεκανήσου	20	20	11151	7481	451	54	4872	2609
1224	Ρόδου	9296	Ρόδου	52	Δωδεκανήσου	64	64	41590	24002	1031	159	15112	8890
1225	Σύμης	9297	Σύμης	52	Δωδεκανήσου	7	7	4250	1516	61	12	1038	478
1226	Τήλου	9298	Τήλου	52	Δωδεκανήσου	2	2	1034	374	50	1	255	119
1227	Χάλκης	9299	Χάλκης	52	Δωδεκανήσου	2	2	761	288	12	2	169	119
5324	Φρέ	9319	Αποκορώνου	53	Χανίων	5	5	1698	1030	32	3	729	301
5325	Χανίων	9325	Χανίων	53	Χανίων	66	66	43348	25256	962	163	17731	7525
4301	Ανωγείου	9088	Ζηρού	21	Πρέβεζας	5	5	1609	769	42	7	270	499
4205	Κατερίνης	9047	Κατερίνης	13	Πιερίας	83	83	50432	29495	1416	222	18228	11267
4302	Ζαλόγγου	9090	Πρέβεζας	21	Πρέβεζας	18	18	6735	3956	187	22	2413	1543
4809	Κλεινοβού	9112	Καλαμπάκας	24	Τρικάλων	8	8	3276	1674	62	11	974	700
4303	Θεσπρωτικού	9088	Ζηρού	21	Πρέβεζας	18	18	6808	3301	252	18	1634	1667
4815	Οιχαλίας	9115	Φαρκαδόνας	24	Τρικάλων	15	15	8050	2863	235	22	1301	1562
4304	Κρανέας	9088	Ζηρού	21	Πρέβεζας	3	3	1275	661	44	4	391	270
4406	Λάμπης	9314	Αγίου Βασιλείου	54	Ρεθύμνης	19	19	6087	3631	122	28	2379	1252
3301	Αγιάς	9097	Αγιάς	22	Λάρισας	13	13	6022	3740	181	43	2250	1490
3302	Αμπελακίων	9101	Τεμπών 	22	Λάρισας	3	3	955	548	16	4	322	226
3303	Αμπελώνος	9102	Τυρνάβου	22	Λάρισας	15	15	7917	4863	221	29	3215	1648
3304	Αντιχασίων	9098	Ελασσόνας	22	Λάρισας	8	8	3804	2166	91	21	1034	1132
3305	Αρμενίου	9099	Κιλελέρ	22	Λάρισας	6	6	2359	1632	82	6	1028	604
3306	Βερδικούσης	9098	Ελασσόνας	22	Λάρισας	4	4	2018	1030	31	7	573	457
3307	Γιάννουλης	9100	Λαρισαίων	22	Λάρισας	12	12	7358	4955	308	38	3454	1501
3308	Γόννων	9101	Τεμπών 	22	Λάρισας	7	7	3876	2110	155	8	1247	863
3309	Ελασσόνας	9098	Ελασσόνας	22	Λάρισας	25	25	12162	7060	339	49	4166	2894
3310	Ενιππέα	9103	Φαρσάλων	22	Λάρισας	11	11	4426	2696	174	22	1601	1095
3311	Ευρυμενών	9097	Αγιάς	22	Λάρισας	7	7	2801	1393	103	10	904	489
3312	Καρυάς	9098	Ελασσόνας	22	Λάρισας	4	4	1416	614	20	2	344	270
3313	Κάτω Ολύμπου	9101	Τεμπών 	22	Λάρισας	10	10	5069	2875	162	38	1819	1056
3314	Κιλελέρ	9099	Κιλελέρ	22	Λάρισας	7	7	2878	1807	126	10	976	831
3315	Κοιλάδας	9100	Λαρισαίων	22	Λάρισας	10	10	3953	2575	103	20	1531	1044
3316	Κραννώνος	9099	Κιλελέρ	22	Λάρισας	11	11	4283	2674	140	27	1465	1209
3317	Λακέρειας	9097	Αγιάς	22	Λάρισας	5	5	2033	1239	86	5	669	570
3318	Λάρισας	9100	Λαρισαίων	22	Λάρισας	155	155	98755	64235	2903	474	40633	23602
3319	Λιβαδίου	9098	Ελασσόνας	22	Λάρισας	6	6	3213	1879	100	15	870	1009
3320	Μακρυχωρίου	9101	Τεμπών 	22	Λάρισας	6	6	2884	1756	197	20	1034	722
3321	Μελιβοίας	9097	Αγιάς	22	Λάρισας	8	8	3763	2168	115	26	1445	723
3322	Ναρθακίου	9103	Φαρσάλων	22	Λάρισας	6	6	1900	1084	56	4	493	591
3323	Νέσσωνος	9101	Τεμπών 	22	Λάρισας	12	12	5254	3323	258	32	1984	1339
3324	Νίκαιας	9099	Κιλελέρ	22	Λάρισας	17	17	7450	5081	256	42	2967	2114
3325	Ολύμπου	9098	Ελασσόνας	22	Λάρισας	10	10	4642	2321	181	11	1328	993
3326	Πλατυκάμπου	9099	Κιλελέρ	22	Λάρισας	18	18	8162	5480	290	48	3522	1958
3327	Πολυδάμαντα	9103	Φαρσάλων	22	Λάρισας	15	15	6230	3874	106	24	2319	1555
3328	Ποταμιάς	9098	Ελασσόνας	22	Λάρισας	12	12	5482	2938	118	49	1770	1168
3329	Σαρανταπόρου	9098	Ελασσόνας	22	Λάρισας	9	9	4066	2140	159	17	1253	887
3330	Τυρνάβου	9102	Τυρνάβου	22	Λάρισας	25	25	14871	9146	426	67	6198	2948
3331	Φαρσάλων	9103	Φαρσάλων	22	Λάρισας	13	13	7913	4860	186	38	2903	1957
3332	Τσαριτσάνης	9098	Ελασσόνας	22	Λάρισας	4	4	2159	1256	165	6	844	412
1301	Αλεξανδρούπολης	9006	Αλεξανδρούπολης	1	Εβρου	82	82	47212	28344	1918	236	16946	11398
1302	Βύσσας	9008	Ορεστιάδας	1	Εβρου	16	16	9193	4699	245	56	2261	2438
1303	Διδυμοτείχου	9007	Διδυμοτείχου	1	Εβρου	48	48	23293	9972	602	128	5286	4686
1304	Κυπρίνου	9008	Ορεστιάδας	1	Εβρου	9	9	3517	1700	76	21	818	882
1305	Μεταξάδων	9007	Διδυμοτείχου	1	Εβρου	19	19	7483	2969	124	28	1181	1788
1306	Ορεστιάδας	9008	Ορεστιάδας	1	Εβρου	41	41	22618	11214	485	115	5750	5464
1307	Ορφέα	9010	Σουφλίου	1	Εβρου	17	17	7162	3264	161	68	1803	1461
1308	Σαμοθράκης	9009	Σαμοθράκης	1	Εβρου	8	8	4352	2000	110	17	1283	717
1309	Σουφλίου	9010	Σουφλίου	1	Εβρου	16	16	8058	4224	217	46	2002	2222
1310	Τραϊανούπολης	9006	Αλεξανδρούπολης	1	Εβρου	9	9	4473	2521	236	13	1513	1008
1311	Τριγώνου	9008	Ορεστιάδας	1	Εβρου	27	27	11148	4385	248	35	1847	2538
1312	Τυχερού	9010	Σουφλίου	1	Εβρου	12	12	5871	2856	180	28	1497	1359
1313	Φερών	9006	Αλεξανδρούπολης	1	Εβρου	24	24	11093	6290	421	61	4047	2243
5410	Ψαρών	9267	Ψαρών	49	Χίου	1	1	576	301	12	4	155	146
4905	Γοργοποτάμου	9160	Λαμιέων	33	Φθιώτιδας	12	12	4294	2787	118	22	1582	1205
4605	Μαραθοκάμπου	9264	Σάμου	50	Σάμου	8	8	3373	1655	125	11	1196	459
5001	Αετού	9070	Αμυνταίου	14	Φλώρινας	12	12	5140	2252	94	20	1486	766
5002	Αμυνταίου	9070	Αμυνταίου	14	Φλώρινας	21	21	11005	4667	265	38	3239	1428
5003	Βαρικού	9070	Αμυνταίου	14	Φλώρινας	2	2	984	434	24	4	323	111
3401	Αγίου Νικολάου	9310	Αγίου Νικολάου	56	Λασιθίου	33	33	15949	10652	541	79	6775	3877
3402	Ιεράπετρας	9311	Ιεράπετρας	56	Λασιθίου	43	43	20053	12527	808	76	8173	4354
3403	Ιτάνου	9313	Σητείας	56	Λασιθίου	6	6	2387	1468	56	8	763	705
3404	Λεύκης	9313	Σητείας	56	Λασιθίου	7	7	2198	1284	60	15	672	612
3405	Μακρύ Γιαλού	9311	Ιεράπετρας	56	Λασιθίου	6	6	2669	1621	50	12	1094	527
3406	Νεάπολης	9310	Αγίου Νικολάου	56	Λασιθίου	15	15	4946	2861	134	28	1775	1086
3407	Οροπεδίου Λασιθίου	9312	Οροπεδίου Λασιθίου	56	Λασιθίου	13	13	3574	1996	73	17	1133	863
3408	Σητείας	9313	Σητείας	56	Λασιθίου	31	31	13376	8105	440	49	4950	3155
3409	Βραχασίου	9310	Αγίου Νικολάου	56	Λασιθίου	3	3	1216	829	20	3	608	221
3410	Αποσπ. Μακρύ Γιαλού	9313	Σητείας	56	Λασιθίου	4	4	1143	625	70	5	383	242
5006	Λεχόβου	9070	Αμυνταίου	14	Φλώρινας	2	2	1346	702	28	12	426	276
5007	Μελίτης	9072	Φλώρινας	14	Φλώρινας	25	25	13128	4983	354	39	3282	1701
5008	Νυμφαίου	9070	Αμυνταίου	14	Φλώρινας	1	1	404	167	7	0	71	96
5009	Περάσματος	9072	Φλώρινας	14	Φλώρινας	24	24	11711	3872	172	26	2577	1295
4206	Κολινδρού	9048	Πύδνας - Κολινδρού	13	Πιερίας	9	9	4946	2786	184	22	1432	1354
5011	Φιλώτα	9070	Αμυνταίου	14	Φλώρινας	11	11	6094	3293	129	16	2198	1095
1401	Αιδηψού	9150	Ιστιαίας - Αιδηψού	37	Ευβοίας	14	14	6097	3716	315	23	2539	1177
1402	Αμαρυνθίων	9149	Ερέτριας	37	Ευβοίας	12	12	6826	4362	292	31	2812	1550
1403	Ανθηδώνος	9155	Χαλκιδέων	37	Ευβοίας	8	8	4612	3362	113	19	2285	1077
1404	Αρτεμισίου	9150	Ιστιαίας - Αιδηψού	37	Ευβοίας	12	12	4459	2607	112	20	1639	968
1405	Αυλίδος	9155	Χαλκιδέων	37	Ευβοίας	12	12	5976	4276	201	26	2854	1422
1406	Αυλώνος	9152	Κύμης - Αλιβερίου	37	Ευβοίας	13	13	5912	3519	195	22	2316	1203
1407	Διρφύων	9148	Διρφύων - Μεσσαπίων	37	Ευβοίας	16	16	6922	4648	190	29	3168	1480
1408	Δυστίων	9152	Κύμης - Αλιβερίου	37	Ευβοίας	16	16	5013	3263	125	17	2145	1118
1409	Ελυμνίων	9153	Μαντουδίου - Λίμνης - Αγίας Αννας	37	Ευβοίας	12	12	5448	3156	207	34	2056	1100
1410	Ερέτριας	9149	Ερέτριας	37	Ευβοίας	10	10	6277	4205	181	19	2859	1346
1411	Ιστιαίας	9150	Ιστιαίας - Αιδηψού	37	Ευβοίας	17	17	7659	4276	167	35	2654	1622
1412	Καρύστου	9151	Καρύστου	37	Ευβοίας	14	14	7376	3837	397	42	2619	1218
1413	Καφηρέως	9151	Καρύστου	37	Ευβοίας	4	4	694	269	21	1	176	93
1414	Κηρέως	9153	Μαντουδίου - Λίμνης - Αγίας Αννας	37	Ευβοίας	17	17	7139	4291	195	33	2960	1331
1415	Κονιστρών	9152	Κύμης - Αλιβερίου	37	Ευβοίας	13	13	4654	2848	101	16	1891	957
1416	Κύμης	9152	Κύμης - Αλιβερίου	37	Ευβοίας	23	23	10098	5677	337	58	3529	2148
1417	Ληλαντίων	9155	Χαλκιδέων	37	Ευβοίας	24	24	13685	9526	494	54	7126	2400
1418	Λιχάδος	9150	Ιστιαίας - Αιδηψού	37	Ευβοίας	3	3	942	573	23	9	382	191
1419	Μαρμαρίου	9151	Καρύστου	37	Ευβοίας	11	11	3855	1698	141	18	1089	609
1420	Μεσσαπίων	9148	Διρφύων - Μεσσαπίων	37	Ευβοίας	29	29	12683	8127	458	56	5621	2506
1421	Νέας Αρτάκης	9155	Χαλκιδέων	37	Ευβοίας	11	11	6979	4846	289	20	3462	1384
1422	Νηλέως	9153	Μαντουδίου - Λίμνης - Αγίας Αννας	37	Ευβοίας	9	9	3287	1676	116	7	1122	554
1423	Σκύρου	9154	Σκύρου	37	Ευβοίας	7	7	4088	2306	59	8	1601	705
1424	Στυραίων	9151	Καρύστου	37	Ευβοίας	9	9	4041	2021	114	8	1215	806
1425	Ταμιναίων	9152	Κύμης - Αλιβερίου	37	Ευβοίας	20	20	8977	5983	417	41	3812	2171
1426	Χαλκιδέων	9155	Χαλκιδέων	37	Ευβοίας	69	69	44697	29869	1344	184	20621	9248
1427	Ωρεών	9150	Ιστιαίας - Αιδηψού	37	Ευβοίας	8	8	3775	2185	131	18	1386	799
5315	Κολυμβαρίου	9323	Πλατανιά	53	Χανίων	18	18	5885	3498	144	30	2614	884
3501	Αγίας Παρασκευής	9261	Λέσβου	48	Λέσβου	6	6	3334	1352	183	16	783	569
3502	Αγιάσου	9261	Λέσβου	48	Λέσβου	6	6	3739	1500	205	23	1035	465
3503	Αγίου Ευστρατίου	9262	Αγίου Ευστρατίου	48	Λέσβου	2	2	853	174	20	1	102	72
3504	Ατσικής	9263	Λήμνου	48	Λέσβου	12	12	4919	1737	118	19	955	782
3505	Γέρας	9261	Λέσβου	48	Λέσβου	14	14	7792	3830	405	34	2424	1406
3506	Ερεσού - Αντίσσης	9261	Λέσβου	48	Λέσβου	14	14	7371	2752	260	42	1501	1251
3507	Ευεργέτουλα	9261	Λέσβου	48	Λέσβου	9	9	3568	1941	170	28	1256	685
3508	Καλλονής	9261	Λέσβου	48	Λέσβου	20	20	9615	4659	365	61	2743	1916
3509	Λουτροπόλεως Θερμής	9261	Λέσβου	48	Λέσβου	8	8	3632	1859	240	14	1181	678
3510	Μανταμάδου	9261	Λέσβου	48	Λέσβου	7	7	3433	1599	247	27	1174	425
3511	Μήθυμνας	9261	Λέσβου	48	Λέσβου	6	6	2794	1264	173	12	748	516
3512	Μούδρου	9263	Λήμνου	48	Λέσβου	14	14	5932	2185	190	32	1178	1007
3513	Μύρινας	9263	Λήμνου	48	Λέσβου	17	17	8960	3629	406	38	1976	1653
3514	Μυτιλήνης	9261	Λέσβου	48	Λέσβου	58	58	36053	17052	1102	159	10874	6178
3515	Νέας Κούταλης	9263	Λήμνου	48	Λέσβου	11	11	4696	1525	206	24	865	660
3516	Πέτρας	9261	Λέσβου	48	Λέσβου	11	11	4790	2057	188	20	1366	691
3517	Πλωμαρίου	9261	Λέσβου	48	Λέσβου	18	18	9136	3116	262	26	1946	1170
3518	Πολιχνίτου	9261	Λέσβου	48	Λέσβου	13	13	6255	2841	152	32	1697	1144
5321	Πλατανιά	9323	Πλατανιά	53	Χανίων	15	15	5774	3641	210	28	2696	945
1501	Αγράφων	9156	Αγράφων	34	Ευρυτανίας	10	10	1722	602	25	4	315	287
1502	Απεραντίων	9156	Αγράφων	34	Ευρυτανίας	11	11	2916	991	74	12	521	470
1503	Ασπροποτάμου	9156	Αγράφων	34	Ευρυτανίας	10	10	2185	811	22	5	431	380
1504	Βίνιανης	9156	Αγράφων	34	Ευρυτανίας	7	7	1531	643	30	7	322	321
1505	Δομνίστας	9157	Καρπενησίου	34	Ευρυτανίας	7	7	1808	508	22	8	247	261
1506	Καρπενησίου	9157	Καρπενησίου	34	Ευρυτανίας	25	25	9363	4554	235	49	2685	1869
1507	Κτημενίων	9157	Καρπενησίου	34	Ευρυτανίας	6	6	1517	547	14	7	270	277
1508	Ποταμιάς	9157	Καρπενησίου	34	Ευρυτανίας	12	12	2686	781	32	7	476	305
1509	Προυσσού	9157	Καρπενησίου	34	Ευρυτανίας	11	11	1684	443	14	0	228	215
1510	Φουρνά	9157	Καρπενησίου	34	Ευρυτανίας	6	6	1478	566	51	3	306	260
1511	Φραγκίστας	9156	Αγράφων	34	Ευρυτανίας	12	12	2668	1047	27	10	622	425
5302	Ανατολικού Σελίνου	9321	Καντάνου - Σελίνου	53	Χανίων	7	7	2015	994	40	9	661	333
3601	Απολλωνίων	9121	Λευκάδας	27	Λευκάδας	14	14	5192	2073	99	24	1110	963
3602	Ελλομένου	9121	Λευκάδας	27	Λευκάδας	12	12	4044	2122	85	23	1115	1007
3603	Καλάμου	9121	Λευκάδας	27	Λευκάδας	3	3	899	276	25	2	173	103
3604	Καρυάς	9121	Λευκάδας	27	Λευκάδας	5	5	1919	786	80	6	522	264
3605	Καστού	9121	Λευκάδας	27	Λευκάδας	1	1	210	50	2	2	43	7
3606	Λευκάδος	9121	Λευκάδας	27	Λευκάδας	23	23	11600	6425	457	89	3824	2601
3607	Μεγανησίου	9122	Μεγανησίου	27	Λευκάδας	5	5	1866	801	50	8	455	346
3608	Σφακιωτών	9121	Λευκάδας	27	Λευκάδας	7	7	2404	1094	74	18	708	386
5303	Αρμένων	9319	Αποκορώνου	53	Χανίων	11	11	4214	2400	127	15	1781	619
4701	Αγκίστρου	9055	Σιντικής	8	Σερρών	2	2	1000	382	28	1	194	188
4702	Αλιστράτης	9053	Νέας Ζίχνης	8	Σερρών	10	10	4571	2332	92	21	1097	1235
4703	Αμφίπολης	9049	Αμφίπολης	8	Σερρών	8	8	4094	2184	75	11	1069	1115
4213	Πύδνας	9048	Πύδνας - Κολινδρού	13	Πιερίας	10	10	5391	2962	91	16	1706	1256
1601	Αλυκών	9116	Ζακύνθου	29	Ζακύνθου	16	16	6005	3003	182	22	1949	1054
1602	Αρκαδίων	9116	Ζακύνθου	29	Ζακύνθου	12	12	5132	2684	272	20	1826	858
1603	Αρτεμισίων	9116	Ζακύνθου	29	Ζακύνθου	16	16	5939	2817	216	22	1962	855
1604	Ελατίων	9116	Ζακύνθου	29	Ζακύνθου	8	8	3082	1392	114	10	951	441
1605	Ζακυνθίων	9116	Ζακύνθου	29	Ζακύνθου	34	34	15249	8312	433	63	5644	2668
1606	Λαγανά	9116	Ζακύνθου	29	Ζακύνθου	13	13	6112	3401	161	23	2276	1125
4705	Αχινού	9050	Βισαλτίας	8	Σερρών	11	11	4831	2268	136	22	1128	1140
5207	Ορμυλίας	9059	Πολυγύρου	9	Χαλκιδικής	7	7	4367	2588	142	24	1686	902
4706	Αχλαδοχωρίου	9055	Σιντικής	8	Σερρών	5	5	2154	737	81	7	380	357
4707	Βισαλτίας	9050	Βισαλτίας	8	Σερρών	15	15	7560	3935	250	23	1781	2154
4708	Εμμανουήλ Παππά	9051	Εμμανουήλ Παππά	8	Σερρών	26	26	13471	6899	424	95	3398	3501
4709	Ηρακλείας	9052	Ηρακλείας	8	Σερρών	32	32	17496	7960	372	67	4355	3605
4307	Πρεβέζης	9090	Πρέβεζας	21	Πρέβεζας	34	34	16225	9952	683	116	6200	3752
4710	Καπετάν Μητρούσιου	9054	Σερρών	8	Σερρών	14	14	7652	4632	169	34	2726	1906
4711	Κερκίνης	9055	Σιντικής	8	Σερρών	27	27	11898	5489	230	39	2733	2756
4712	Κορμίστας	9049	Αμφίπολης	8	Σερρών	7	7	3683	1415	96	15	676	739
3701	Αγριάς	9105	Βόλου	23	Μαγνησίας	9	9	5188	3495	160	32	2304	1191
3702	Αισωνίας	9105	Βόλου	23	Μαγνησίας	7	7	3692	2563	109	14	1953	610
3703	Αλμυρού	9104	Αλμυρού	23	Μαγνησίας	25	25	12334	7816	347	73	4362	3454
3704	Αλοννήσου	9109	Αλοννήσου	23	Μαγνησίας	3	3	1732	998	35	13	661	337
3705	Ανάβρας	9104	Αλμυρού	23	Μαγνησίας	2	2	792	412	19	8	194	218
3706	Αργαλαστής	9107	Νοτίου Πηλίου	23	Μαγνησίας	5	5	2297	1326	65	10	854	472
3707	Αρτέμιδας	9105	Βόλου	23	Μαγνησίας	10	10	4162	2594	127	12	1669	925
3708	Αφετών	9107	Νοτίου Πηλίου	23	Μαγνησίας	7	7	2392	1340	68	17	896	444
3709	Βόλου	9105	Βόλου	23	Μαγνησίας	94	94	60679	38677	1637	296	25567	13110
3710	Ζαγοράς	9106	Ζαγοράς - Μουρεσίου	23	Μαγνησίας	8	8	4234	2286	131	19	1543	743
3711	Ιωλκού	9105	Βόλου	23	Μαγνησίας	5	5	2382	1577	88	9	1067	510
3712	Κάρλας	9108	Ρήγα Φεραίου	23	Μαγνησίας	10	10	5443	3816	154	27	2346	1470
3713	Κεραμιδίου	9108	Ρήγα Φεραίου	23	Μαγνησίας	3	3	1420	738	31	5	440	298
3714	Μακρινίτσης	9105	Βόλου	23	Μαγνησίας	2	2	788	500	13	1	396	104
3715	Μηλεών	9107	Νοτίου Πηλίου	23	Μαγνησίας	7	7	3183	1969	112	18	1254	715
3716	Μουρεσίου	9106	Ζαγοράς - Μουρεσίου	23	Μαγνησίας	8	8	3298	1785	68	18	982	803
3717	Νέας Αγχιάλου	9105	Βόλου	23	Μαγνησίας	10	10	5722	3916	136	24	2479	1437
3718	Νέας Ιωνίας	9105	Βόλου	23	Μαγνησίας	41	41	25920	16474	725	130	12725	3749
3719	Πορταριάς	9105	Βόλου	23	Μαγνησίας	6	6	2738	1878	71	14	1344	534
3720	Πτελεού	9104	Αλμυρού	23	Μαγνησίας	7	7	2914	1783	89	17	952	831
3721	Σηπιάδος	9107	Νοτίου Πηλίου	23	Μαγνησίας	6	6	2371	1356	50	7	897	459
3722	Σκιάθου	9110	Σκιάθου	23	Μαγνησίας	8	8	5063	3114	142	23	2042	1072
3723	Σκοπέλου	9111	Σκοπέλου	23	Μαγνησίας	9	9	5180	2638	238	22	1841	797
3724	Σούρπης	9104	Αλμυρού	23	Μαγνησίας	8	8	3522	2108	110	7	1265	843
3725	Τρικερίου	9107	Νοτίου Πηλίου	23	Μαγνησίας	3	3	1853	789	18	10	565	224
3726	Φερών	9108	Ρήγα Φεραίου	23	Μαγνησίας	12	12	6262	4393	114	28	2598	1795
5401	Αγίου Μηνά	9266	Χίου	49	Χίου	6	6	3003	1901	48	10	1151	750
4812	Μεγάλων Καλυβίων	9114	Τρικκαίων	24	Τρικάλων	7	7	3513	2014	126	28	1300	714
5402	Αμανής	9266	Χίου	49	Χίου	16	16	3272	961	43	14	486	475
5403	Ιωνίας	9266	Χίου	49	Χίου	15	15	5462	2626	232	29	1281	1345
1701	Αλιφείρας	9136	Ανδρίτσαινας - Κρεστένων	32	Ηλείας	11	11	2755	1150	59	9	721	429
1702	Αμαλιάδος	9139	Ηλιδας	32	Ηλείας	51	51	28103	14909	757	109	9828	5081
1703	Ανδραβίδας	9135	Ανδραβίδας - Κυλλήνης	32	Ηλείας	8	8	3876	2168	136	15	1380	788
1704	Ανδριτσαίνης	9136	Ανδρίτσαινας - Κρεστένων	32	Ηλείας	11	11	2075	920	24	5	501	419
1705	Αρχαίας Ολυμπίας	9137	Αρχαίας Ολυμπίας	32	Ηλείας	29	29	10866	5581	300	47	3565	2016
1706	Βαρθολομιού	9140	Πηνειού	32	Ηλείας	11	11	5060	2846	140	17	1853	993
1707	Βουπρασίας	9135	Ανδραβίδας - Κυλλήνης	32	Ηλείας	20	20	8670	4697	346	29	3021	1676
1708	Βώλακος	9141	Πύργου	32	Ηλείας	7	7	3408	1778	106	15	1118	660
1709	Γαστούνης	9140	Πηνειού	32	Ηλείας	15	15	8055	4351	177	26	2876	1475
1710	Ζαχάρως	9138	Ζαχάρως	32	Ηλείας	27	27	10191	5262	190	57	2978	2284
1711	Ιαρδάνου	9141	Πύργου	32	Ηλείας	12	12	4468	2450	113	14	1692	758
1712	Κάστρου - Κυλλήνης	9135	Ανδραβίδας - Κυλλήνης	32	Ηλείας	8	8	3507	2006	126	22	1232	774
1713	Λαμπείας	9137	Αρχαίας Ολυμπίας	32	Ηλείας	4	4	1469	682	10	10	423	259
1714	Λασιώνος	9137	Αρχαίας Ολυμπίας	32	Ηλείας	7	7	2099	941	55	10	555	386
1715	Λεχαινών	9135	Ανδραβίδας - Κυλλήνης	32	Ηλείας	12	12	5285	2877	132	22	1832	1045
1716	Πηνείας	9139	Ηλιδας	32	Ηλείας	18	18	6050	3008	151	19	2079	929
1717	Πύργου	9141	Πύργου	32	Ηλείας	65	65	35169	18971	840	135	12806	6165
1718	Σκιλλούντος	9136	Ανδρίτσαινας - Κρεστένων	32	Ηλείας	23	23	11153	5250	327	41	3369	1881
1719	Τραγανού	9140	Πηνειού	32	Ηλείας	7	7	3301	1588	75	8	1003	585
1720	Φιγαλείας	9138	Ζαχάρως	32	Ηλείας	9	9	2463	1128	50	7	674	454
1721	Φολόης	9137	Αρχαίας Ολυμπίας	32	Ηλείας	11	11	4092	1976	124	14	1286	690
1722	Ωλένης	9141	Πύργου	32	Ηλείας	20	20	8219	4283	148	26	2941	1342
5407	Οινουσσών	9265	Οινουσσών	49	Χίου	3	3	1427	415	23	4	166	249
5408	Ομηρούπολης	9266	Χίου	49	Χίου	19	19	9352	4603	264	41	2426	2177
5104	Γραβιάς	9165	Δελφών	35	Φωκίδας	10	10	2426	1334	112	8	787	547
5409	Χίου	9266	Χίου	49	Χίου	37	37	23816	12067	772	94	6901	5166
4727	Τραγίλου	9050	Βισαλτίας	8	Σερρών	14	14	6788	3341	234	30	1505	1836
3801	Αβίας	9253	Δυτικής Μάνης	46	Μεσσηνίας	8	8	3048	1826	73	11	1072	754
3802	Αετού	9258	Τριφυλλίας	46	Μεσσηνίας	14	14	3626	1459	66	17	699	760
3803	Αιπείας	9255	Μεσσήνης	46	Μεσσηνίας	6	6	2982	1395	68	18	784	611
3804	Ανδανίας	9256	Οιχαλίας	46	Μεσσηνίας	15	15	4630	1854	72	17	933	921
3805	Ανδρούσης	9255	Μεσσήνης	46	Μεσσηνίας	12	12	3895	2028	59	12	1152	876
3806	Αριος	9254	Καλαμάτας	46	Μεσσηνίας	8	8	2877	1289	83	8	669	620
3807	Αριστομένους	9255	Μεσσήνης	46	Μεσσηνίας	12	12	3977	1945	165	10	1040	905
3808	Αρφαρών	9254	Καλαμάτας	46	Μεσσηνίας	11	11	4116	2017	114	22	1060	957
3809	Αυλώνος	9258	Τριφυλλίας	46	Μεσσηνίας	11	11	2866	1347	27	9	672	675
3810	Βουφράδων	9255	Μεσσήνης	46	Μεσσηνίας	7	7	2155	937	38	6	526	411
3811	Γαργαλιάνων	9258	Τριφυλλίας	46	Μεσσηνίας	17	17	8542	4263	226	24	2230	2033
3812	Δωρίου	9256	Οιχαλίας	46	Μεσσηνίας	12	12	4536	1735	83	8	798	937
3813	Είρας	9256	Οιχαλίας	46	Μεσσηνίας	8	8	979	359	17	1	152	207
3814	Θουρίας	9254	Καλαμάτας	46	Μεσσηνίας	9	9	4193	2460	115	34	1478	982
3815	Ιθώμης	9255	Μεσσήνης	46	Μεσσηνίας	9	9	3346	1547	112	11	864	683
3816	Καλαμάτας	9254	Καλαμάτας	46	Μεσσηνίας	94	94	55029	31125	1697	262	19085	12040
3817	Κορώνης	9257	Πύλου - Νέστορος	46	Μεσσηνίας	15	15	6949	3072	85	30	1601	1471
3818	Κυπαρισσίας	9258	Τριφυλλίας	46	Μεσσηνίας	21	21	8885	4751	146	64	2604	2147
3819	Λεύκτρου	9253	Δυτικής Μάνης	46	Μεσσηνίας	20	20	6528	2864	157	34	1577	1287
3820	Μεθώνης	9257	Πύλου - Νέστορος	46	Μεσσηνίας	10	10	3909	1521	78	10	845	676
3821	Μελιγαλά	9256	Οιχαλίας	46	Μεσσηνίας	15	15	5489	2553	118	27	1368	1185
3822	Μεσσήνης	9255	Μεσσήνης	46	Μεσσηνίας	28	28	13248	6451	357	47	3815	2636
3823	Νέστορος	9257	Πύλου - Νέστορος	46	Μεσσηνίας	14	14	5271	2500	115	20	1348	1152
3824	Οιχαλίας	9256	Οιχαλίας	46	Μεσσηνίας	13	13	3930	1680	90	26	964	716
3825	Παπαφλέσσα	9257	Πύλου - Νέστορος	46	Μεσσηνίας	6	6	1894	855	15	5	502	353
3826	Πεταλιδίου	9255	Μεσσήνης	46	Μεσσηνίας	14	14	5582	2775	125	25	1632	1143
3827	Πύλου	9257	Πύλου - Νέστορος	46	Μεσσηνίας	19	19	7235	3149	218	20	1676	1473
3828	Τρικόρφου	9255	Μεσσήνης	46	Μεσσηνίας	5	5	1308	598	43	1	306	292
3829	Τριπύλας	9258	Τριφυλλίας	46	Μεσσηνίας	7	7	1015	339	4	2	122	217
3830	Φιλιατρών	9258	Τριφυλλίας	46	Μεσσηνίας	17	17	7905	3555	122	23	2009	1546
3831	Χιλιοχωρίων	9257	Πύλου - Νέστορος	46	Μεσσηνίας	8	8	3922	1866	54	17	1053	813
4308	Φαναρίου	9089	Πάργας	21	Πρέβεζας	33	33	12129	5491	296	32	3126	2365
1801	Αλεξάνδρειας	9023	Αλεξάνδρειας	12	Ημαθίας	31	31	17425	10829	396	101	6955	3874
1802	Ανθεμίων	9025	Νάουσας	12	Ημαθίας	15	15	7937	5042	221	52	3418	1624
1803	Αντιγονιδών	9023	Αλεξάνδρειας	12	Ημαθίας	13	13	5550	3591	100	16	2194	1397
1804	Αποστόλου Παύλου	9024	Βέροιας	12	Ημαθίας	17	17	9699	5677	306	41	3990	1687
1805	Βεργίνας	9024	Βέροιας	12	Ημαθίας	8	8	3460	2057	79	13	1273	784
1806	Βέροιας	9024	Βέροιας	12	Ημαθίας	66	66	37580	23872	999	175	14720	9152
1807	Δοβρά	9024	Βέροιας	12	Ημαθίας	12	12	6129	3835	237	34	2486	1349
1808	Ειρηνούπολης	9025	Νάουσας	12	Ημαθίας	9	9	4387	2771	91	22	1813	958
1809	Μακεδονίδος	9024	Βέροιας	12	Ημαθίας	8	8	3404	2010	96	31	1312	698
1810	Μελίκης	9023	Αλεξάνδρειας	12	Ημαθίας	15	15	7959	5034	192	37	2985	2049
1811	Νάουσας	9025	Νάουσας	12	Ημαθίας	34	34	20706	12806	703	105	8970	3836
1812	Πλατέος	9023	Αλεξάνδρειας	12	Ημαθίας	21	21	11714	6883	425	90	4392	2491
4922	Στυλίδος	9164	Στυλίδας	33	Φθιώτιδας	13	13	6299	3973	224	21	2592	1381
4401	Ανωγείων	9316	Ανωγείων	54	Ρεθύμνης	5	5	2534	1511	83	11	999	512
5312	Καντάνου	9321	Καντάνου - Σελίνου	53	Χανίων	4	4	1712	837	28	7	627	210
4402	Αρκαδίου	9318	Ρεθύμνης	54	Ρεθύμνης	17	17	5069	3541	143	23	2511	1030
4403	Γεροποτάμου	9317	Μυλοποτάμου	54	Ρεθύμνης	22	22	7424	4710	201	34	2909	1801
4404	Κουλούκωνα	9317	Μυλοποτάμου	54	Ρεθύμνης	20	20	5529	2898	81	26	1682	1216
3901	Αβδήρων	9015	Αβδήρων	3	Ξάνθης	13	13	5568	3236	73	30	1879	1357
3902	Βιστωνίδος	9015	Αβδήρων	3	Ξάνθης	30	30	15774	7776	338	82	5110	2666
3903	Θερμών	9016	Μύκης	3	Ξάνθης	5	5	2357	750	82	45	574	176
3904	Κοτύλης	9016	Μύκης	3	Ξάνθης	6	6	3083	1617	130	69	1252	365
3905	Μύκης	9016	Μύκης	3	Ξάνθης	27	27	13023	7509	494	185	5881	1628
3906	Ξάνθης	9017	Ξάνθης	3	Ξάνθης	77	77	47038	23952	1064	283	15648	8304
3907	Σατρών	9016	Μύκης	3	Ξάνθης	2	2	1207	449	8	8	392	57
3908	Σελέρου	9015	Αβδήρων	3	Ξάνθης	11	11	6066	2706	300	111	2219	487
3909	Σταυρούπολης	9017	Ξάνθης	3	Ξάνθης	13	13	5850	2259	51	21	1341	918
3910	Τοπείρου	9018	Τοπείρου	3	Ξάνθης	32	32	16307	8761	351	140	5771	2990
5313	Κεραμιών	9325	Χανίων	53	Χανίων	7	7	2283	1389	51	4	1077	312
4407	Λαππαίων	9318	Ρεθύμνης	54	Ρεθύμνης	10	10	3147	1825	41	14	1302	523
4904	Αταλάντης	9161	Λοκρών	33	Φθιώτιδας	16	16	8128	4846	339	46	3030	1816
4408	Νικηφόρου Φωκά	9318	Ρεθύμνης	54	Ρεθύμνης	17	17	5725	3854	147	29	2761	1093
4409	Ρεθύμνης	9318	Ρεθύμνης	54	Ρεθύμνης	46	46	23538	15053	819	106	9859	5194
4410	Συβρίτου	9315	Αμαρίου	54	Ρεθύμνης	14	14	3583	2171	40	20	1310	861
4411	Φοίνικα	9314	Αγίου Βασιλείου	54	Ρεθύμνης	11	11	3577	2393	93	21	1646	747
5314	Κισσάμου	9322	Κισσάμου	53	Χανίων	16	16	7060	4349	251	42	3103	1246
4412	Ζωνιανών	9317	Μυλοποτάμου	54	Ρεθύμνης	2	2	1021	514	4	2	312	202
1901	Αγίας Βαρβάρας	9304	Γόρτυνας	55	Ηρακλείου	12	12	5587	3281	207	14	2390	891
1902	Αρκαλοχωρίου	9307	Μινώα Πεδιάδος	55	Ηρακλείου	24	24	10745	6950	315	40	4874	2076
1903	Αρχανών	9302	Αρχανών - Αστερουσίων	55	Ηρακλείου	9	9	4647	3140	130	12	2169	971
1904	Αστερουσιών	9302	Αρχανών - Αστερουσίων	55	Ηρακλείου	16	16	6240	4105	246	25	2780	1325
1905	Βιάννου	9303	Βιάννου	55	Ηρακλείου	19	19	6384	3537	137	28	2499	1038
1906	Γαζίου	9306	Μαλεβιζίου	55	Ηρακλείου	22	22	13728	10066	497	40	7643	2423
1907	Γοργολαϊνη	9305	Ηρακλείου	55	Ηρακλείου	8	8	3115	2146	67	13	1657	489
1908	Γόρτυνας	9304	Γόρτυνας	55	Ηρακλείου	16	16	5425	3296	116	9	2377	919
1909	Γουβών	9309	Χερσονήσου	55	Ηρακλείου	13	13	6217	4461	216	23	3270	1191
1910	Επισκοπής	9309	Χερσονήσου	55	Ηρακλείου	6	6	2594	1664	129	12	1133	531
1911	Ζαρού	9308	Φαιστού	55	Ηρακλείου	5	5	2976	1645	93	10	1114	531
1912	Ηρακλείου	9305	Ηρακλείου	55	Ηρακλείου	169	169	106460	74635	3386	463	52517	22118
1913	Θραψανού	9307	Μινώα Πεδιάδος	55	Ηρακλείου	7	7	2481	1606	63	14	1069	537
1914	Καστελλίου	9307	Μινώα Πεδιάδος	55	Ηρακλείου	16	16	5698	3513	188	21	2224	1289
1915	Κόφινα	9304	Γόρτυνας	55	Ηρακλείου	14	14	5005	3203	102	18	2408	795
1916	Κρουσώνα	9306	Μαλεβιζίου	55	Ηρακλείου	8	8	3936	2580	161	12	1781	799
1917	Μαλλίων	9309	Χερσονήσου	55	Ηρακλείου	8	8	4603	3166	130	22	2010	1156
1918	Μοιρών	9308	Φαιστού	55	Ηρακλείου	22	22	10187	6603	191	36	4667	1936
1919	Νέας Αλικαρνασσού	9305	Ηρακλείου	55	Ηρακλείου	17	17	10084	7095	515	33	5474	1621
1920	Νίκου Καζαντζάκη	9302	Αρχανών - Αστερουσίων	55	Ηρακλείου	19	19	7314	5008	343	31	3577	1431
1921	Ρούβα	9304	Γόρτυνας	55	Ηρακλείου	6	6	2683	1445	78	17	1093	352
1922	Τεμένους	9305	Ηρακλείου	55	Ηρακλείου	7	7	3566	2376	177	13	1851	525
1923	Παλιανης	9305	Ηρακλείου	55	Ηρακλείου	6	6	2204	1447	58	8	1011	436
1924	Τυλίσου	9306	Μαλεβιζίου	55	Ηρακλείου	13	13	3867	2430	192	13	1646	784
1925	Τυμπακίου	9308	Φαιστού	55	Ηρακλείου	19	19	8997	5495	194	29	3803	1692
1926	Χερσονήσου	9309	Χερσονήσου	55	Ηρακλείου	12	12	5939	4063	245	28	2599	1464
5101	Αμφίσσης	9165	Δελφών	35	Φωκίδας	17	17	8292	4988	306	50	3211	1777
5102	Βαρδουσίων	9166	Δωρίδος	35	Φωκίδας	13	13	2182	521	31	4	252	269
5103	Γαλαξιδίου	9165	Δελφών	35	Φωκίδας	6	6	2938	1740	67	12	912	828
4001	Αγίου Ιωάννου Ρέντη	9204	Νίκαιας - Αγίου Ιωάννη Ρέντη	41	Β' Πειραιώς	23	23	13800	8300	407	60	6066	2234
4002	Αγκιστρίου	9207	Αγκιστρίου	40	Α' Πειραιώς	2	2	1038	663	16	3	407	256
4003	Αίγινας	9208	Αίγινας	40	Α' Πειραιώς	23	23	13194	7762	461	64	4615	3147
4004	Αμπελακίων	9211	Σαλαμίνας	41	Β' Πειραιώς	12	12	6521	4288	206	24	3079	1209
4005	Αντικυθήρων	9209	Κυθήρων	40	Α' Πειραιώς	1	1	133	40	4	0	13	27
4006	Δραπετσώνας	9202	Κερατσινίου - Δραπετσώνας	41	Β' Πειραιώς	23	23	13764	8406	389	64	6303	2103
4007	Κερατσινίου	9202	Κερατσινίου - Δραπετσώνας	41	Β' Πειραιώς	101	101	60857	36983	1840	267	26757	10226
4008	Κορυδαλλού	9203	Κορυδαλλού	41	Β' Πειραιώς	84	84	50554	32525	1816	225	23174	9351
4009	Κυθήρων	9209	Κυθήρων	40	Α' Πειραιώς	19	19	6977	2331	81	33	1392	939
4010	Μεθάνων	9213	Τροιζηνίας	40	Α' Πειραιώς	7	7	2530	1372	58	8	806	566
4011	Νικαίας	9204	Νίκαιας - Αγίου Ιωάννη Ρέντη	41	Β' Πειραιώς	136	136	81397	45693	2847	313	33137	12556
4012	Πειραιώς	9205	Πειραιώς	40	Α' Πειραιώς	265	265	160828	90861	4515	766	54648	36213
4013	Περάματος	9206	Περάματος	41	Β' Πειραιώς	39	39	23349	13569	812	92	10399	3170
4014	Πόρου	9210	Πόρου	40	Α' Πειραιώς	8	8	4583	2590	135	22	1442	1148
4015	Σαλαμίνας	9211	Σαλαμίνας	41	Β' Πειραιώς	41	41	24714	17618	811	138	12412	5206
4016	Σπετσών	9212	Σπετσών	40	Α' Πειραιώς	8	8	4316	2683	93	11	1338	1345
4017	Τροιζήνος	9213	Τροιζηνίας	40	Α' Πειραιώς	14	14	5509	3284	148	16	1872	1412
4018	Ύδρας	9214	Υδρας	40	Α' Πειραιώς	6	6	3177	1735	73	12	900	835
5109	Καλλιέων	9165	Δελφών	35	Φωκίδας	7	7	1488	642	44	6	309	333
5305	Βάμου	9319	Αποκορώνου	53	Χανίων	10	10	3721	2074	89	9	1578	496
4814	Νεράιδας	9113	Πύλης	24	Τρικάλων	6	6	1477	539	35	7	319	220
5005	Κρυσταλλοπηγής	9071	Πρεσπών	14	Φλώρινας	3	3	1179	257	5	0	109	148
2001	Αχέροντα	9078	Σουλίου	20	Θεσπρωτίας	7	7	3135	1476	88	13	879	597
2002	Ηγουμενίτσης	9077	Ηγουμενίτσας	20	Θεσπρωτίας	27	27	15288	8032	389	36	5082	2950
2003	Μαργαριτίου	9077	Ηγουμενίτσας	20	Θεσπρωτίας	10	10	4499	1692	196	12	937	755
2004	Παραμυθιάς	9078	Σουλίου	20	Θεσπρωτίας	33	33	11940	5546	332	56	3120	2426
2005	Παραποτάμου	9077	Ηγουμενίτσας	20	Θεσπρωτίας	6	6	2258	1009	65	7	605	404
2006	Πέρδικας	9077	Ηγουμενίτσας	20	Θεσπρωτίας	4	4	2433	1084	45	13	636	448
2007	Σαγιάδας	9079	Φιλιατών	20	Θεσπρωτίας	7	7	2493	1255	98	6	851	404
2008	Σουλίου	9078	Σουλίου	20	Θεσπρωτίας	5	5	1054	496	25	6	258	238
2009	Συβότων	9077	Ηγουμενίτσας	20	Θεσπρωτίας	8	8	4085	2025	124	9	1233	792
2010	Φιλιατών	9079	Φιλιατών	20	Θεσπρωτίας	48	48	11768	4438	200	28	2372	2066
4405	Κουρητών	9315	Αμαρίου	54	Ρεθύμνης	12	12	2865	1591	78	14	874	717
